case,theta_cc_mM,time_s,f_mass_code,g_mass_code,actin_mass_code,actin_change_percent
A_G06_S1,0.0002,0.0,0.7853407456258862,0.7853407456258862,1.5706814912517724,0.0
A_G06_S1,0.0002,50.0,0.5348208679399595,1.035832107862998,1.5706529758029575,-0.0018154825770611005
A_G06_S1,0.0002,100.0,0.38134968517725126,1.1892784488740729,1.5706281340513242,-0.003397073228750269
A_G06_S1,0.0002,150.0,0.28763961573967645,1.282964148695617,1.5706037644352935,-0.004948604596910489
A_G06_S1,0.0002,200.0,0.23082283107193163,1.3397563077372225,1.5705791388091541,-0.006516435266368248
A_G06_S1,0.0002,250.0,0.19677374595530311,1.3737810534623207,1.5705547994176239,-0.008066042342391722
A_G06_S1,0.0002,300.0,0.17675199182490237,1.393778998417984,1.5705309902428863,-0.009581892301158135
A_G06_S1,0.0002,350.0,0.16540062072557107,1.4051057819566561,1.5705064026822273,-0.01114729946970483
A_G06_S1,0.0002,400.0,0.15941681793343018,1.4110653016470842,1.5704821195805143,-0.012693322762669101
A_G06_S1,0.0002,450.0,0.1567637305377337,1.4136934256935012,1.5704571562312348,-0.014282655126895971
A_G06_S1,0.0002,500.0,0.15617511138109447,1.4142555187242698,1.5704306301053643,-0.015971484212762288
A_G06_S1,0.0002,550.0,0.15687888128303965,1.4135249717079899,1.5704038529910296,-0.01767629288873529
A_G06_S1,0.0002,600.0,0.15839659739983641,1.4119800290752682,1.5703766264751047,-0.019409713450224686
A_G06_S1,0.0002,650.0,0.16043665206147228,1.4099111982884271,1.5703478503498993,-0.02124179241502766
A_G06_S1,0.0002,700.0,0.1628077496049085,1.4075118121254167,1.5703195617303252,-0.023042833538378105
A_G06_S1,0.0002,750.0,0.1654117735056001,1.4048775614006956,1.5702893349062959,-0.024967273610898566
A_G06_S1,0.0002,800.0,0.1681604476467837,1.4020975749591413,1.570258022605925,-0.026960822305854837
A_G06_S1,0.0002,850.0,0.1710241842793954,1.3992018121792018,1.5702259964585972,-0.0289998192321117
A_G06_S1,0.0002,900.0,0.1739652574100148,1.3962282044409589,1.5701934618509736,-0.03107118811273013
A_G06_S1,0.0002,950.0,0.1769676924549424,1.3931912560175146,1.570158948472457,-0.03326853867100521
A_G06_S1,0.0002,1000.0,0.18001663890621875,1.390106590636717,1.5701232295429357,-0.03554264260106077
A_G06_S1,0.0002,1050.0,0.18309928808409776,1.3869872744806544,1.5700865625647522,-0.03787710559611801
A_G06_S1,0.0002,1100.0,0.1862081246772442,1.3838418657113054,1.5700499903885496,-0.040205532868375915
A_G06_S1,0.0002,1150.0,0.18933402671807362,1.3806786106394693,1.570012637357543,-0.04258367453584544
A_G06_S1,0.0002,1200.0,0.19247087914433184,1.3775047304160912,1.5699756095604231,-0.044941109657226086
A_G06_S1,0.0002,1250.0,0.19562346942590222,1.3743141734821556,1.5699376429080578,-0.04735831852973327
A_G06_S1,0.0002,1300.0,0.19879284424165983,1.3711063133256436,1.5698991575673034,-0.04980855054487199
A_G06_S1,0.0002,1350.0,0.20197180637320367,1.3678872501693284,1.569859056542532,-0.05236164771922347
A_G06_S1,0.0002,1400.0,0.20515653600694989,1.3646610792935212,1.569817615300471,-0.05500007201414414
A_G06_S1,0.0002,1450.0,0.20833738902331028,1.3614385571613994,1.5697759461847096,-0.057653004260016516
A_G06_S1,0.0002,1500.0,0.2114981042677718,1.3582374950380074,1.569735599305779,-0.060221754140576955
A_G06_S1,0.0002,1550.0,0.21463960800875467,1.355053004820618,1.5696926128293727,-0.06295855830144026
A_G06_S1,0.0002,1600.0,0.21779381780988977,1.3518527775924594,1.569646595402349,-0.06588833287890505
A_G06_S1,0.0002,1650.0,0.22094771388557313,1.3486593099443651,1.5696070238299382,-0.0684077216048351
A_G06_S1,0.0002,1700.0,0.22410016586002027,1.345462808861881,1.5695629747219013,-0.07121217994232598
A_G06_S1,0.0002,1750.0,0.22722307199038996,1.3422916960247513,1.5695147680151413,-0.07428133858642383
A_G06_S1,0.0002,1800.0,0.23028238310226098,1.3391923820110783,1.5694747651133392,-0.07682818860184071
A_G06_S1,0.0002,1850.0,0.2333541475570297,1.336071808893619,1.5694259564506488,-0.07993567175246241
A_G06_S1,0.0002,1900.0,0.23640275501920682,1.3329788444140425,1.5693815994332492,-0.08275973364193501
F2_M_DEFAULT,0.02,0.0,0.7853407456258862,0.7853407456258862,1.5706814912517724,0.0
F2_M_DEFAULT,0.02,50.0,0.5269783297107482,1.0436822826904881,1.5706606124012363,-0.0013292860871150225
F2_M_DEFAULT,0.02,100.0,0.3697618941845878,1.2008794606424054,1.5706413548269933,-0.0025553509736098157
F2_M_DEFAULT,0.02,150.0,0.2742033639917149,1.2964181904313874,1.5706215544231024,-0.003815975995380416
F2_M_DEFAULT,0.02,200.0,0.21639686216792084,1.3542052062135226,1.5706020683814435,-0.005056586632701254
F2_M_DEFAULT,0.02,250.0,0.18173869961325562,1.3888429692472013,1.570581668860457,-0.006355355421916453
F2_M_DEFAULT,0.02,300.0,0.16126836067317246,1.4092943563897202,1.5705627170628926,-0.007561952537238348
F2_M_DEFAULT,0.02,350.0,0.14949585588037728,1.4210473522047,1.5705432080850774,-0.008804023442376963
F2_M_DEFAULT,0.02,400.0,0.14308604375078704,1.4274372398442288,1.5705232835950158,-0.010072548612671817
F2_M_DEFAULT,0.02,450.0,0.139970145510012,1.4305337184427027,1.5705038639527147,-0.011308931826536917
F2_M_DEFAULT,0.02,500.0,0.1388982296270856,1.4315859101822923,1.5704841398093778,-0.012564701595685346
F2_M_DEFAULT,0.02,550.0,0.1390854474218471,1.4313773281988127,1.5704627756206597,-0.013924887530081254
F2_M_DEFAULT,0.02,600.0,0.14005717942469373,1.4303844468339826,1.5704416262586762,-0.015271396169891371
F2_M_DEFAULT,0.02,650.0,0.14152293349889097,1.428896817446521,1.570419750945412,-0.016664123682497145
F2_M_DEFAULT,0.02,700.0,0.14330536444976322,1.4270916212266926,1.570396985676456,-0.018113511676365324
F2_M_DEFAULT,0.02,750.0,0.14529814542952524,1.4250758735920004,1.5703740190215256,-0.019575721236886334
F2_M_DEFAULT,0.02,800.0,0.14741951182086627,1.4229303319392448,1.570349843760111,-0.02111487870127826
F2_M_DEFAULT,0.02,850.0,0.1496363993846455,1.4206881285815787,1.5703245279662241,-0.02272665002652774
F2_M_DEFAULT,0.02,900.0,0.15192597671570646,1.4183736327677703,1.5702996094834767,-0.024313125889785514
F2_M_DEFAULT,0.02,950.0,0.1542656001959122,1.416007712712737,1.5702733129086492,-0.025987340233935008
F2_M_DEFAULT,0.02,1000.0,0.15664428041063932,1.4136025013907318,1.5702467818013712,-0.027676486469241368
F2_M_DEFAULT,0.02,1050.0,0.15905536579944665,1.4111633068091622,1.570218672608609,-0.029466104091835366
F2_M_DEFAULT,0.02,1100.0,0.1614912535237333,1.4086987331602967,1.57018998668403,-0.03129244028657885
F2_M_DEFAULT,0.02,1150.0,0.1639445031058104,1.4062158274690983,1.5701603305749088,-0.033180544863253836
F2_M_DEFAULT,0.02,1200.0,0.16641573793392136,1.4037143280017503,1.5701300659356716,-0.035107392502686796
F2_M_DEFAULT,0.02,1250.0,0.1688957745021,1.4012043484656165,1.5701001229677165,-0.037013760415072205
F2_M_DEFAULT,0.02,1300.0,0.17138099377608926,1.3986890853933358,1.570070079169425,-0.038926547855355764
F2_M_DEFAULT,0.02,1350.0,0.17386931049194443,1.396169881299719,1.5700391917916634,-0.040893043159062614
F2_M_DEFAULT,0.02,1400.0,0.17636732315485237,1.3936409107567713,1.5700082339116237,-0.04286402710533821
F2_M_DEFAULT,0.02,1450.0,0.17887956021093657,1.3910972163972046,1.5699767766081412,-0.044866807660004504
F2_M_DEFAULT,0.02,1500.0,0.18139149280006803,1.388552813956609,1.569944306756677,-0.046934053734082326
F2_M_DEFAULT,0.02,1550.0,0.18390166515897144,1.386007773945169,1.5699094391041406,-0.04915395972587833
F2_M_DEFAULT,0.02,1600.0,0.18640595636915802,1.3834682524898096,1.5698742088589677,-0.05139695076952222
F2_M_DEFAULT,0.02,1650.0,0.18890011855326616,1.380940311292121,1.5698404298453872,-0.05354754678588147
F2_M_DEFAULT,0.02,1700.0,0.19136264060589245,1.3784435014913694,1.5698061420972618,-0.05573053221713531
F2_M_DEFAULT,0.02,1750.0,0.1938397786540503,1.3759280795726734,1.5697678582267236,-0.05816793730221148
F2_M_DEFAULT,0.02,1800.0,0.19631729199271097,1.3734146858570018,1.5697319778497127,-0.06045232005013057
F2_M_DEFAULT,0.02,1850.0,0.19879225454057745,1.3709086210730295,1.5697008756136068,-0.06243249466090228
F2_M_DEFAULT,0.02,1900.0,0.20125267068139932,1.3684089384584843,1.5696616091398836,-0.06493245878105292
A_G06_S2,0.1,0.0,0.7853407456258862,0.7853407456258862,1.5706814912517724,0.0
A_G06_S2,0.1,50.0,0.5104641119887695,1.060209029589427,1.5706731415781965,-0.000531595592256906
A_G06_S2,0.1,100.0,0.34431807422091815,1.2263462759694164,1.5706643501903346,-0.001091313645273928
A_G06_S2,0.1,150.0,0.24380239202520496,1.3268527775891485,1.5706551696143536,-0.0016758099949165661
A_G06_S2,0.1,200.0,0.18307757338718317,1.3875668472840248,1.570644420671208,-0.0023601589991817384
A_G06_S2,0.1,250.0,0.14652753741378877,1.4241065548113399,1.5706340922251285,-0.003017736371624391
A_G06_S2,0.1,300.0,0.12468402715055098,1.4459395245664586,1.5706235517170095,-0.003688815019819991
A_G06_S2,0.1,350.0,0.11179373172215391,1.458819170909825,1.570612902631979,-0.004366806394251466
A_G06_S2,0.1,400.0,0.10435071779711276,1.4662527711057007,1.5706034889028135,-0.004966146821827611
A_G06_S2,0.1,450.0,0.1002216585596124,1.4703721627090223,1.5705938212686346,-0.005581652526376324
A_G06_S2,0.1,500.0,0.09811603652402619,1.4724679985934417,1.5705840351174678,-0.006204703808343481
A_G06_S2,0.1,550.0,0.09725932356353849,1.4733143738972412,1.5705736974607796,-0.006862867589207955
A_G06_S2,0.1,600.0,0.09715529451569692,1.4734089529410301,1.570564247456727,-0.007464517516664326
A_G06_S2,0.1,650.0,0.0975245395137674,1.4730298366617778,1.5705543761755452,-0.008092988739927254
A_G06_S2,0.1,700.0,0.09817828628771721,1.4723663293806732,1.5705446156683904,-0.008714407354026843
A_G06_S2,0.1,750.0,0.09901324509333073,1.4715204489167149,1.5705336940100456,-0.009409752553268813
A_G06_S2,0.1,800.0,0.09995936287542258,1.47056370375227,1.5705230666276926,-0.010086362191330522
A_G06_S2,0.1,850.0,0.10098146542620008,1.469530864430629,1.570512329856829,-0.010769936227394972
A_G06_S2,0.1,900.0,0.10204942877853734,1.4684512531914766,1.570500681970014,-0.011511517947171424
A_G06_S2,0.1,950.0,0.10315211530545566,1.467336981482411,1.5704890967878669,-0.01224910747195107
A_G06_S2,0.1,1000.0,0.10427680442544401,1.4662000091824665,1.5704768136079106,-0.013031136166163915
A_G06_S2,0.1,1050.0,0.10541927308043596,1.4650464216202104,1.5704656947006463,-0.013739039539717446
A_G06_S2,0.1,1100.0,0.10657912741196689,1.4638728573619,1.570451984773867,-0.014611904398420528
A_G06_S2,0.1,1150.0,0.10774387678128174,1.4626954187271464,1.570439295508428,-0.015419787187487266
A_G06_S2,0.1,1200.0,0.10892498866462128,1.4615006178563252,1.5704256065209465,-0.016291318911632047
A_G06_S2,0.1,1250.0,0.11011095764910371,1.4603012243991844,1.5704121820482881,-0.01714600986796322
A_G06_S2,0.1,1300.0,0.1113072080556356,1.4590912268252296,1.5703984348808653,-0.018021245712995793
A_G06_S2,0.1,1350.0,0.11251269408063418,1.4578710395965297,1.570383733677164,-0.018957221834392524
A_G06_S2,0.1,1400.0,0.11372337416718736,1.4566465286517145,1.5703699028189018,-0.019837785993281898
A_G06_S2,0.1,1450.0,0.11493707662608663,1.455418138115595,1.5703552147416817,-0.02077292639582895
A_G06_S2,0.1,1500.0,0.11615789343407694,1.4541828769469056,1.5703407703809826,-0.021692550188401327
A_G06_S2,0.1,1550.0,0.11737592512396947,1.4529491947397866,1.570325119863756,-0.02268896590437164
A_G06_S2,0.1,1600.0,0.11860930435802731,1.4516994262678438,1.5703087306258712,-0.0237324134764072
A_G06_S2,0.1,1650.0,0.11983768732358294,1.4504550970949244,1.5702927844185073,-0.02474765478742702
A_G06_S2,0.1,1700.0,0.12106643097901856,1.449210152980877,1.5702765839598956,-0.025779083419019688
A_G06_S2,0.1,1750.0,0.12229795634807603,1.4479624978915033,1.5702604542395793,-0.026806008381596858
A_G06_S2,0.1,1800.0,0.12352656985110035,1.4467173404901454,1.5702439103412458,-0.027859302663446606
A_G06_S2,0.1,1850.0,0.12475872104064326,1.4454692154832869,1.5702279365239302,-0.028876301807101434
A_G06_S2,0.1,1900.0,0.12599129071558768,1.4442200150034057,1.5702113057189933,-0.02993512913966878
