case,parameter,parameter_value,theta_sat_mM,start_s,end_s,velocity_um_h,eventual_state,included
A_J01,Ja_um_mM_s,0.0,0.0002,100,350,-2.5107045302102154e-13,completed_runtime_checks,True
F2_M_J0,Ja_um_mM_s,0.0,0.02,100,350,-2.9220867974452e-13,completed_runtime_checks,True
A_NEW_J0,Ja_um_mM_s,0.0,0.1,100,350,-2.9220867974452e-13,completed_runtime_checks,True
A_J02,Ja_um_mM_s,0.001,0.0002,100,350,4.701964833992625,completed_runtime_checks,True
F2_M_J1,Ja_um_mM_s,0.001,0.02,100,350,4.230766716676528,completed_runtime_checks,True
A_NEW_J1,Ja_um_mM_s,0.001,0.1,100,350,3.0188074468067487,completed_runtime_checks,True
A_J03,Ja_um_mM_s,0.002,0.0002,100,350,9.456594515683026,completed_runtime_checks,True
F2_M_J2,Ja_um_mM_s,0.002,0.02,100,350,8.488635296758902,completed_runtime_checks,True
A_NEW_J2,Ja_um_mM_s,0.002,0.1,100,350,6.032825142307593,completed_runtime_checks,True
A_J04,Ja_um_mM_s,0.004,0.0002,100,350,19.112827706937082,completed_runtime_checks,True
F2_M_J3,Ja_um_mM_s,0.004,0.02,100,350,17.07256306767251,completed_runtime_checks,True
A_NEW_J3,Ja_um_mM_s,0.004,0.1,100,350,12.036931696241007,completed_runtime_checks,True
A_G06_S1,Ja_um_mM_s,0.006,0.0002,100,350,28.935976158351107,early_stop_boundary,True
F2_M_DEFAULT,Ja_um_mM_s,0.006,0.02,100,350,25.719442362857116,completed_runtime_checks,True
A_G06_S2,Ja_um_mM_s,0.006,0.1,100,350,17.998719270869653,completed_runtime_checks,True
A_J06,Ja_um_mM_s,0.01,0.0002,100,350,48.93348761800052,terminated_unstable,True
F2_M_J5,Ja_um_mM_s,0.01,0.02,100,350,43.050508065044106,stopped,True
F2_H_J5,Ja_um_mM_s,0.01,0.1,100,350,29.731726353347522,stopped,True
A_J07,Ja_um_mM_s,0.02,0.0002,100,350,98.94276934851155,terminated_unstable,True
F2_M_J6,Ja_um_mM_s,0.02,0.02,100,350,84.66886388638238,stopped,True
F2_H_J6,Ja_um_mM_s,0.02,0.1,100,350,57.28760753795914,stopped,True
A_G01_S1,gamma_s_inv,1e-05,0.0002,1000,1500,-0.061328129509771394,completed_runtime_checks,True
F2_M_G0,gamma_s_inv,1e-05,0.02,1000,1500,0.7680261737449108,completed_runtime_checks,True
A_G01_S2,gamma_s_inv,1e-05,0.1,1000,1500,4.715599885449237,completed_runtime_checks,True
A_G02_S1,gamma_s_inv,4e-05,0.0002,1000,1500,0.5554046480510543,completed_runtime_checks,True
F2_M_G1,gamma_s_inv,4e-05,0.02,1000,1500,1.6149342651864713,completed_runtime_checks,True
A_G02_S2,gamma_s_inv,4e-05,0.1,1000,1500,5.245007871106066,completed_runtime_checks,True
A_G03_S1,gamma_s_inv,0.00016,0.0002,1000,1500,3.0738966253218902,completed_runtime_checks,True
F2_M_G2,gamma_s_inv,0.00016,0.02,1000,1500,5.063363302780073,completed_runtime_checks,True
A_G03_S2,gamma_s_inv,0.00016,0.1,1000,1500,7.1778403438277385,completed_runtime_checks,True
A_G04_S1,gamma_s_inv,0.00064,0.0002,1000,1500,14.206865344597425,completed_runtime_checks,True
F2_M_G3,gamma_s_inv,0.00064,0.02,1000,1500,16.988151785771166,completed_runtime_checks,True
A_G04_S2,gamma_s_inv,0.00064,0.1,1000,1500,12.775175126923157,completed_runtime_checks,True
A_G05_S1,gamma_s_inv,0.00256,0.0002,1000,1500,35.217122298506524,completed_runtime_checks,True
F2_M_G4,gamma_s_inv,0.00256,0.02,1000,1500,30.64332733969907,completed_runtime_checks,True
A_G05_S2,gamma_s_inv,0.00256,0.1,1000,1500,21.276847976023795,completed_runtime_checks,True
A_G06_S1,gamma_s_inv,0.01,0.0002,1000,1500,36.838201004835746,early_stop_boundary,True
F2_M_DEFAULT,gamma_s_inv,0.01,0.02,1000,1500,32.81443392151217,completed_runtime_checks,True
A_G06_S2,gamma_s_inv,0.01,0.1,1000,1500,22.690653528932543,completed_runtime_checks,True
A_G07_S1,gamma_s_inv,0.04,0.0002,1000,1500,25.18043956226379,completed_runtime_checks,True
F2_M_G6,gamma_s_inv,0.04,0.02,1000,1500,22.46498913963573,completed_runtime_checks,True
A_G07_S2,gamma_s_inv,0.04,0.1,1000,1500,15.584289359307487,completed_runtime_checks,True
A_G08_S1,gamma_s_inv,0.16,0.0002,1000,1500,12.014512428149274,completed_runtime_checks,True
F2_M_G7,gamma_s_inv,0.16,0.02,1000,1500,10.79459351708763,completed_runtime_checks,True
A_G08_S2,gamma_s_inv,0.16,0.1,1000,1500,7.650632735240794,completed_runtime_checks,True
A_G09_S1,gamma_s_inv,0.32,0.0002,1000,1500,8.009183678534336,completed_runtime_checks,True
F2_M_G8,gamma_s_inv,0.32,0.02,1000,1500,7.221059588868052,completed_runtime_checks,True
A_G09_S2,gamma_s_inv,0.32,0.1,1000,1500,5.168396394659782,completed_runtime_checks,True
A_E01,eta_s_Pa_s_um2_mM,2e-06,0.0002,100,450,0.34809846962785074,completed_runtime_checks,True
F2_M_E0,eta_s_Pa_s_um2_mM,2e-06,0.02,100,450,0.31148102691695384,completed_runtime_checks,True
A_NEW_E0,eta_s_Pa_s_um2_mM,2e-06,0.1,100,450,0.22144442071220935,completed_runtime_checks,True
A_E02,eta_s_Pa_s_um2_mM,6.324555320336758e-06,0.0002,100,450,1.097333627789873,completed_runtime_checks,True
F2_M_E1,eta_s_Pa_s_um2_mM,6.324555320336758e-06,0.02,100,450,0.9816196578385192,completed_runtime_checks,True
A_NEW_E1,eta_s_Pa_s_um2_mM,6.324555320336758e-06,0.1,100,450,0.6974524444968301,completed_runtime_checks,True
A_E03,eta_s_Pa_s_um2_mM,2e-05,0.0002,100,450,3.4351633774307637,completed_runtime_checks,True
F2_M_E2,eta_s_Pa_s_um2_mM,2e-05,0.02,100,450,3.070729773008144,completed_runtime_checks,True
A_NEW_E2,eta_s_Pa_s_um2_mM,2e-05,0.1,100,450,2.1781930594539167,completed_runtime_checks,True
A_E04,eta_s_Pa_s_um2_mM,6.324555320336759e-05,0.0002,100,450,10.49912008584589,completed_runtime_checks,True
F2_M_E3,eta_s_Pa_s_um2_mM,6.324555320336759e-05,0.02,100,450,9.367476247466174,completed_runtime_checks,True
A_NEW_E3,eta_s_Pa_s_um2_mM,6.324555320336759e-05,0.1,100,450,6.616226408038184,completed_runtime_checks,True
A_G06_S1,eta_s_Pa_s_um2_mM,0.0002,0.0002,100,450,29.637647575926714,early_stop_boundary,True
F2_M_DEFAULT,eta_s_Pa_s_um2_mM,0.0002,0.02,100,450,26.364184874860637,completed_runtime_checks,True
A_G06_S2,eta_s_Pa_s_um2_mM,0.0002,0.1,100,450,18.48498942176476,completed_runtime_checks,True
A_E06,eta_s_Pa_s_um2_mM,0.000632455532033676,0.0002,100,450,67.11160576748567,terminated_unstable,True
F2_M_E5,eta_s_Pa_s_um2_mM,0.000632455532033676,0.02,100,450,59.810231341195866,stopped,True
F2_H_E5,eta_s_Pa_s_um2_mM,0.000632455532033676,0.1,100,450,42.0176466738256,stopped,True
