case,role,grid,markers,box_um,dt_s,state,last_valid_time_s,build,executable_sha256,source_run,input_sha256
F4_L3_BASE,neither drive (control),128x128,300,100.0,5.0,completed_runtime_checks,2000.0,figure4_source128,2daf6231fc7139b7f620cab412f176d38bcee0d256baf04490e3bc6e36660831,figure4_box100_2026_09_23/runs/F4_L3_BASE,4868704e4369b697d319d216634d0c633d74072f6d0d65f876e4c45d62ee0408
F4_L3_ACTIN,actin drive only,128x128,300,100.0,5.0,completed_runtime_checks,2000.0,figure4_source128,2daf6231fc7139b7f620cab412f176d38bcee0d256baf04490e3bc6e36660831,figure4_box100_2026_09_23/runs/F4_L3_ACTIN,7f18bce25c79f4eb218fb0f25197a0b6b5757335e87eb85e83910080119ebeaa
F4E_L3_K12_PUMP,"pump only, central profile K12",128x128,300,100.0,5.0,stopped,1190.0,figure4_source128,2daf6231fc7139b7f620cab412f176d38bcee0d256baf04490e3bc6e36660831,figure4_box100_2026_09_23/runs/F4E_L3_K12_PUMP,2a1eefad6001261387ead9f50a6b0bb16ec2cee4231e7d72807404d5cb7bc319
F4_L3_K12,"both drives, central profile K12",128x128,300,100.0,5.0,stopped,1075.0,figure4_source128,2daf6231fc7139b7f620cab412f176d38bcee0d256baf04490e3bc6e36660831,figure4_box100_2026_09_23/runs/F4_L3_K12,978af8c9e60f71103f393d9ff88fe825f697c877a39a35ed085a4fb818d1d43b
F4_L3_K06,"both drives, kf=0.06",128x128,300,100.0,5.0,stopped,1799.9999999999998,figure4_source128,2daf6231fc7139b7f620cab412f176d38bcee0d256baf04490e3bc6e36660831,figure4_box100_2026_09_23/runs/F4_L3_K06,73f9b638a5aa366aaabe672df818f1971d146e1b77d509eb164171387f7cc661
F4_L3_BOTH,"both drives, kf=0.09",128x128,300,100.0,5.0,stopped,1339.9999999999998,figure4_source128,2daf6231fc7139b7f620cab412f176d38bcee0d256baf04490e3bc6e36660831,figure4_box100_2026_09_23/runs/F4_L3_BOTH,584fb0ede3b7129acd1ae851451b6a77417cc8e513173516528db217dfe436a0
F4_L3_K12_H070_R3,"both drives, K12 width 0.070pi",128x128,300,100.0,5.0,stopped,1119.9999999999998,figure4_source128,2daf6231fc7139b7f620cab412f176d38bcee0d256baf04490e3bc6e36660831,figure4_box100_2026_09_23/runs/F4_L3_K12_H070_R3,c3c77f7ff80864a892dc9b9330169f07d743b6de7aed3395e401ebe369a54569
F4_L3_K12_H140_R3,"both drives, K12 width 0.140pi",128x128,300,100.0,5.0,stopped,1059.9999999999998,figure4_source128,2daf6231fc7139b7f620cab412f176d38bcee0d256baf04490e3bc6e36660831,figure4_box100_2026_09_23/runs/F4_L3_K12_H140_R3,881aeb221e5df8ae4d93287eedd1eeaf511c201775f919bb7e058c47f5fbb971
F4I_K06_PUMP,"pump only, kf=0.06",128x128,300,100.0,5.0,completed_runtime_checks,2000.0,figure4_source128,2daf6231fc7139b7f620cab412f176d38bcee0d256baf04490e3bc6e36660831,figure4_interaction_preview_2026_09_23/runs/F4I_K06_PUMP,4612c7cef7fe8c7157adf59893f67680b3298d4669d9c9e8ae80e36d4532fcb7
F4I_K09_PUMP,"pump only, kf=0.09",128x128,300,100.0,5.0,stopped,1845.0,figure4_source128,2daf6231fc7139b7f620cab412f176d38bcee0d256baf04490e3bc6e36660831,figure4_interaction_preview_2026_09_23/runs/F4I_K09_PUMP,8f000a46049efb90ddda4c0ccec08558d1fa1aa2e01c0b18bbd23f7dea4e685b
F4I_K12_H070_PUMP,"pump only, K12 width 0.070pi",128x128,300,100.0,5.0,stopped,925.0,figure4_source128,2daf6231fc7139b7f620cab412f176d38bcee0d256baf04490e3bc6e36660831,figure4_interaction_preview_2026_09_23/runs/F4I_K12_H070_PUMP,84a5aa9c09d489782a07be8b0c765a21822ac12b3c343f6df0eccf3fb59b7414
F4I_K12_H140_PUMP,"pump only, K12 width 0.140pi",128x128,300,100.0,5.0,stopped,1490.0,figure4_source128,2daf6231fc7139b7f620cab412f176d38bcee0d256baf04490e3bc6e36660831,figure4_interaction_preview_2026_09_23/runs/F4I_K12_H140_PUMP,7d3798f011a5bff2bffa2e82ab7e76d177a6fbfd1af963bb79717e096fa8e568
F4_L3_BASE_G256,neither drive (control) (256x256 resolution check),256x256,300,100.0,2.5,completed_runtime_checks,2000.0,figure4_source256,31fece1047262cffb1f7ade513e3000efca510ea4679f51aad39a1200ddc4e56,figure4_box100_grid256_2026_09_23/runs/F4_L3_BASE,af891bb136489058682e1d203a25d984b029d204665e56246d985810e93f1901
F4_L3_ACTIN_G256,actin drive only (256x256 resolution check),256x256,300,100.0,2.5,completed_runtime_checks,2000.0,figure4_source256,31fece1047262cffb1f7ade513e3000efca510ea4679f51aad39a1200ddc4e56,figure4_box100_grid256_2026_09_23/runs/F4_L3_ACTIN,191d2e78089aff1bbf439bbae4fa387a3d93f42d58f2a2165894d66f2f9605f8
F4E_L3_K12_PUMP_G256,"pump only, central profile K12 (256x256 resolution check)",256x256,300,100.0,2.5,stopped,1430.0,figure4_source256,31fece1047262cffb1f7ade513e3000efca510ea4679f51aad39a1200ddc4e56,figure4_box100_grid256_2026_09_23/runs/F4E_L3_K12_PUMP,db8008de699553521fd0bbffe12a1b5f3a1d72533839a533bbacc81eab26033d
F4_L3_K12_G256,"both drives, central profile K12 (256x256 resolution check)",256x256,300,100.0,2.5,stopped,1109.9999999999998,figure4_source256,31fece1047262cffb1f7ade513e3000efca510ea4679f51aad39a1200ddc4e56,figure4_box100_grid256_2026_09_23/runs/F4_L3_K12,aa6dbeb944d5e89219500c792d4f32b93f5cfca7715984da20e04d2b40cd0588
