profile,time_s,combined_displacement_um,additive_displacement_um,interaction_displacement_um
K06,0,0.0,0.0,0.0
K06,5,-1.533658150337153e-15,-1.533658150337153e-15,0.0
K06,10,0.022779547006545577,0.022770362771793895,9.184234751682258e-06
K06,15,0.04706580468415439,0.04788122646223916,-0.0008154217780847739
K06,20,0.07822965121033917,0.07979279050298038,-0.001563139292641208
K06,25,0.11150118217258585,0.11399218673621385,-0.0024910045636279965
K06,30,0.14797269239741356,0.15138967597508363,-0.003416983577670063
K06,35,0.18617593431710627,0.19054404185088475,-0.004368107533778476
K06,40,0.22616102280250633,0.23145942987333445,-0.005298407070828126
K06,45,0.2673800251521694,0.27358498312593793,-0.006204957973768521
K06,50,0.309702082928861,0.31677865996141674,-0.007076577032555764
K06,55,0.35288483525515385,0.36078381672630633,-0.007898981471152478
K06,60,0.39680667293127253,0.4054767145711983,-0.008670041639925796
K06,65,0.4413449488638371,0.45072363469275806,-0.00937868582892093
K06,70,0.4864139952737579,0.4964413000856772,-0.010027304811919324
K06,75,0.5319420558889058,0.5425526075163164,-0.010610551627410647
K06,80,0.5778738489684131,0.5890059607153884,-0.01113211174697526
K06,85,0.6241685491378681,0.6357551758074541,-0.011586626669585987
K06,90,0.6707911721048649,0.6827687221833235,-0.011977550078458576
K06,95,0.7177141787382582,0.7300183914967188,-0.012304212758460609
K06,100,0.7649204594603795,0.7774827750107014,-0.012562315550321945
K06,105,0.8123916130423178,0.8251445037991342,-0.012752890756816404
K06,110,0.8601160516202468,0.8729903273045384,-0.012874275684291558
K06,115,0.9080866284707895,0.9210097248911026,-0.012923096420313085
K06,120,0.9562945313509837,0.9691940685161493,-0.012899537165165564
K06,125,1.004730993352328,1.0175352823170634,-0.012804288964735289
K06,130,1.0533918379076486,1.0660278111663488,-0.01263597325870025
K06,135,1.102273866149939,1.114666798253492,-0.012392932103552967
K06,140,1.1513673291448074,1.163449099319469,-0.01208177017466161
K06,145,1.200672518383737,1.2123735914994518,-0.011701073115714777
K06,150,1.2501877918456568,1.2614344471414212,-0.011246655295764407
K06,155,1.2999048089423235,1.3106282515060943,-0.01072344256377078
K06,160,1.3498202794291723,1.3599525821776273,-0.010132302748455002
K06,165,1.399933223149689,1.409405219533253,-0.009471996383563885
K06,170,1.4502436695518424,1.458986199331713,-0.008742529779870667
K06,175,1.5007469529777635,1.5086958139276656,-0.007948860949902103
K06,180,1.5514465448847041,1.5585304621632876,-0.007083917278583485
K06,185,1.6023368454863378,1.6084932636926708,-0.0061564182063329476
K06,190,1.6534180210148877,1.658586502097504,-0.00516848108261625
K06,195,1.7046970633438852,1.7088062232470995,-0.0041091599032143655
K06,200,1.7561690042161215,1.759149318919205,-0.0029803147030833532
K06,205,1.8078334036186077,1.8096137614745085,-0.0017803578559008049
K06,210,1.8596926108055125,1.8601986803496748,-0.0005060695441623242
K06,215,1.9117421221552215,1.9109029364636825,0.0008391856915390683
K06,220,1.9639816040996163,1.9617253706427635,0.002256233456852774
K06,225,2.0164080780451417,2.0126646755355795,0.003743402509562177
K06,230,2.0690245451494174,2.063718520323369,0.005306024826048361
K06,235,2.121828434188802,2.114890557740412,0.006937876448390057
K06,240,2.174818135575389,2.166175272600835,0.008642862974553633
K06,245,2.2279901056236477,2.2175796410987156,0.010410464524932106
K06,250,2.2813474124481843,2.2691006607098494,0.012246751738334893
K06,255,2.334886059755709,2.320740028797362,0.014146030958346767
K06,260,2.388602605298761,2.3724944073702146,0.016108197928546453
K06,265,2.4424995291134155,2.4243634078578573,0.01813612125555819
K06,270,2.496574617622779,2.476348724862105,0.02022589276067377
K06,275,2.550830236456382,2.528449346336673,0.022380890119709118
K06,280,2.605267830675453,2.58066362371947,0.024604206955983088
K06,285,2.659888704766184,2.632990722566196,0.026897982199987958
K06,290,2.714688345260067,2.6854245544701465,0.029263790789920474
K06,295,2.769665995733142,2.737963960951514,0.03170203478162792
K06,300,2.8248181630338136,2.79060416985066,0.03421399318315377
K06,305,2.880148340047019,2.843345775935055,0.03680256411196403
K06,310,2.9356477609103,2.896188471920152,0.03945928899014817
K06,315,2.9913264529067094,2.9491311245733813,0.042195328333328064
K06,320,3.047181055148081,3.0021749551883072,0.04500609995977367
K06,325,3.1032150640963536,3.0553189444478317,0.04789611964852192
K06,330,3.1594243515029135,3.1085612180889193,0.05086313341399418
K06,335,3.2158136469292122,3.1619070911112694,0.05390655581794279
K06,340,3.2723809126977916,3.2153587087243922,0.05702220397339941
K06,345,3.3291243294357016,3.2689108867946857,0.06021344264101591
K06,350,3.3860473991143776,3.3225637338201235,0.06348366529425409
K06,355,3.4431519582596097,3.3763217450997023,0.06683021315990745
K06,360,3.5004328062250933,3.4301911868830977,0.07024161934199569
K06,365,3.5578907173891046,3.4841663046750555,0.07372441271404906
K06,370,3.615522506982773,3.5382488787766104,0.07727362820616257
K06,375,3.6733265749985677,3.5924354596260657,0.08089111537250204
K06,380,3.7313015290740967,3.6467270219380667,0.08457450713602999
K06,385,3.7894488659225605,3.7011233365172242,0.08832552940533622
K06,390,3.8477656814439474,3.755624040768411,0.09214164067553643
K06,395,3.9062489383361605,3.8102288359791063,0.09602010235705416
K06,400,3.9649006938371607,3.8649385167921935,0.09996217704496724
K06,405,4.023715825654255,3.9197483564476565,0.10396746920659883
K06,410,4.08270069678439,3.9746620754776076,0.10803862130678255
K06,415,4.141853672968532,4.029676123942266,0.1121775490262662
K06,420,4.201180936455485,4.084793281821896,0.11638765463358869
K06,425,4.260676249838547,4.140014128185891,0.12066212165265622
K06,430,4.3203454910909205,4.19533458968675,0.12501090140417048
K06,435,4.38018605487378,4.2507540113476425,0.1294320435261378
K06,440,4.440196561496673,4.306272578517424,0.13392398297924935
K06,445,4.500380107328698,4.361891988322337,0.13848811900636093
K06,450,4.560732423781267,4.4176087739203025,0.14312364986096426
K06,455,4.621257731021867,4.473422773520464,0.14783495750140307
K06,460,4.68195385637011,4.529334001791571,0.1526198545785391
K06,465,4.7428209538945545,4.585341277630464,0.15747967626409043
K06,470,4.803855037878447,4.641445897741467,0.1624091401369796
K06,475,4.865058564084964,4.6976491436818115,0.16740942040315243
K06,480,4.926424994519053,4.753951707207322,0.17247328731173095
K06,485,4.987958358444849,4.810349508894444,0.17760884955040446
K06,490,5.0496530981351535,4.866840313370912,0.18281278476424134
K06,495,5.111512573270914,4.923429471445212,0.18808310182570143
K06,500,5.173534444733907,4.980111829005263,0.19342261572864405
K06,505,5.235721250380895,5.03689219309235,0.19882905728854539
K06,510,5.2980729820807975,5.093766425416407,0.2043065566643909
K06,515,5.360587247607607,5.150734625944724,0.20985262166288265
K06,520,5.423264227125413,5.207791291662697,0.2154729354627163
K06,525,5.486100079604279,5.2649469676529534,0.2211531119513257
K06,530,5.549105065469146,5.322196853753313,0.2269082117158323
K06,535,5.612278062446096,5.379541419059624,0.23273664338647215
K06,540,5.675610657595016,5.436978001575662,0.23863265601935346
K06,545,5.739104820751516,5.494508524474427,0.24459629627708868
K06,550,5.802750699879359,5.552129983131152,0.2506207167482071
K06,555,5.866558978654096,5.60984353228116,0.25671544637293575
K06,560,5.930514712699372,5.667655696175382,0.2628590165239899
K06,565,5.994628385264204,5.725565932086391,0.2690624531778134
K06,570,6.058895245263232,5.783568520512057,0.27532672475117437
K06,575,6.123327096733303,5.841665104577837,0.28166199215546595
K06,580,6.187909441274924,5.899853854951072,0.28805558632385164
K06,585,6.252655268363593,5.9581335692069315,0.29452169915666193
K06,590,6.317559454110588,6.0165049773985135,0.30105447671207486
K06,595,6.3826241834437205,6.0749667930303906,0.30765739041332996
K06,600,6.447844000189485,6.13351764288419,0.314326357305295
K06,605,6.513217274194246,6.192157645196972,0.3210596289972738
K06,610,6.578738615903062,6.250887346966438,0.327851268936624
K06,615,6.644407516330503,6.309706820262538,0.3347006960679648
K06,620,6.710225188960541,6.368613369355032,0.3416118196055091
K06,625,6.776187036864192,6.427608023393704,0.3485790134704878
K06,630,6.842300441723598,6.486691649740831,0.3556087919827666
K06,635,6.9085620189821,6.54586799926654,0.36269401971556015
K06,640,6.974973240527694,6.605133086672655,0.3698401538550389
K06,645,7.041532405122288,6.664487045758691,0.3770453593635965
K06,650,7.108237614288667,6.723937141000932,0.38430047328773487
K06,655,7.175091558592461,6.783473890038069,0.3916176685543924
K06,660,7.242087649780439,6.843097757386363,0.39898989239407623
K06,665,7.309223588385896,6.902805277604517,0.4064183107813788
K06,670,7.3764946589748615,6.96260061873655,0.41389404023831133
K06,675,7.44390550766681,7.022484021969004,0.421421485697806
K06,680,7.511455424130024,7.08245141976422,0.42900400436580455
K06,685,7.579144536411005,7.142496949175809,0.43664758723519626
K06,690,7.646968218843057,7.202629700834297,0.44433851800875956
K06,695,7.714930756788222,7.262846543999234,0.45208421278898836
K06,700,7.783038731782261,7.3231455653789475,0.45989316640331346
K09,0,0.0,0.0,0.0
K09,5,-1.533658150337153e-15,-1.533658150337153e-15,0.0
K09,10,0.027584504710657376,0.027570751375423176,1.3753335234199804e-05
K09,15,0.05388884546105051,0.055111774210728666,-0.001222928749678158
K09,20,0.08834392641283705,0.09068917219951164,-0.0023452457866745963
K09,25,0.12421037488241714,0.12795164124886202,-0.0037412663664448814
K09,30,0.16360591233264662,0.16874117582649195,-0.005135263493845327
K09,35,0.2045745289081155,0.2111443701265222,-0.006569841218406702
K09,40,0.24742560417695203,0.25540828242728303,-0.007982678250330999
K09,45,0.29149571138528785,0.30085501969931927,-0.009359308314031423
K09,50,0.33672359094500476,0.34740674533346055,-0.010683154388455796
K09,55,0.38283921112904656,0.3947771373396019,-0.011937926210555339
K09,60,0.4297419040022419,0.4428582950039515,-0.013116391001709637
K09,65,0.4772947725188059,0.49151001576189435,-0.014215243243088427
K09,70,0.5254276269304919,0.5406521436093127,-0.015224516678820743
K09,75,0.5740652047970433,0.5902064440373705,-0.016141239240327288
K09,80,0.6231598671906314,0.6401200615581988,-0.01696019436756735
K09,85,0.6726701240451329,0.6903486707953485,-0.017678546750215518
K09,90,0.7225642407866815,0.7408603497059768,-0.01829610891929534
K09,95,0.7728184815012636,0.7916251537303153,-0.018806672229051635
K09,100,0.8234105329978402,0.8426257895637049,-0.019215256565864758
K09,105,0.8743252052463947,0.8938426991594294,-0.0195174939130347
K09,110,0.9255513067095852,0.9452636746386415,-0.019712367929056285
K09,115,0.9770817540887462,0.9968780031201697,-0.01979624903142352
K09,120,1.0289044899820927,1.0486820577226807,-0.01977756774058803
K09,125,1.0810125601615128,1.1006625867886115,-0.019650026627098693
K09,130,1.1334050191377099,1.152817935422563,-0.019412916284853088
K09,135,1.186069462038066,1.2051422201246358,-0.01907275808656972
K09,140,1.239007339946341,1.2576362093046825,-0.018628869358341404
K09,145,1.2922167260715964,1.3102948107702472,-0.018078084698650798
K09,150,1.345692618144862,1.3631164079576072,-0.017423789812745172
K09,155,1.3994328822675433,1.4160945809116052,-0.016661698644061973
K09,160,1.4534393952236477,1.4692260864814897,-0.015786691257841934
K09,165,1.5077091822958935,1.5225132792804064,-0.014804096984512904
K09,170,1.5622408808423909,1.575952245835081,-0.0137113649926901
K09,175,1.6170354986029865,1.6295461383016225,-0.012510639698636083
K09,180,1.672093738631461,1.6832923032702531,-0.011198564638792208
K09,185,1.7274082894475524,1.7371921733738425,-0.009783883926290038
K09,190,1.782978790086627,1.7912516922263007,-0.008272902139673688
K09,195,1.8388153617761056,1.8454653700271362,-0.00665000825103057
K09,200,1.8949048314564005,1.8998289004575502,-0.004924069001149611
K09,205,1.9512542426467865,1.9543415468071137,-0.003087304160327209
K09,210,2.0078621297653862,2.0090050389944953,-0.0011429092291090903
K09,215,2.0647198110301788,2.0638148594502184,0.0009049515799604002
K09,220,2.121835582781715,2.1187712143934943,0.003064368388220551
K09,225,2.1792010508326687,2.1738776067320047,0.005323444100663988
K09,230,2.2368265868351473,2.229125254497552,0.007701332337595179
K09,235,2.294709085752952,2.2845142234494387,0.010194862303513297
K09,240,2.3528501708939777,2.3400562687149566,0.0127939021790211
K09,245,2.411242942710537,2.3957417142901214,0.015501228420415458
K09,250,2.4698919396693624,2.4515772863964327,0.018314653272929693
K09,255,2.528797072427811,2.507561726356876,0.021235346070934913
K09,260,2.587948692219709,2.5636932325443467,0.024255459675362356
K09,265,2.647350190734266,2.6199753871328606,0.02737480360140543
K09,270,2.707002512172085,2.676405394254347,0.030597117917738004
K09,275,2.766912629165306,2.7329843485254806,0.03392828063982556
K09,280,2.827078795010368,2.7897127353266065,0.0373660596837615
K09,285,2.887505380621604,2.8465860605500763,0.040919320071527654
K09,290,2.948190591333384,2.9035989383870655,0.044591652946318394
K09,295,3.009129940001155,2.960750828633083,0.048379111368071825
K09,300,3.07032526832712,3.0180403304049177,0.052284937922202346
K09,305,3.1317747384101917,3.0754668833359466,0.05630785507424507
K09,310,3.1934806188149962,3.1330268551678175,0.06045376364717869
K09,315,3.2554390245864546,3.1907236734659326,0.06471535112052207
K09,320,3.3176482680973973,3.2485566961352026,0.06909157196219473
K09,325,3.3801184803986635,3.306529848516428,0.07358863188223541
K09,330,3.4428343940004966,3.364634001084443,0.07820039291605374
K09,335,3.505807422451591,3.422878023626505,0.08292939882508588
K09,340,3.5690260181597684,3.481265368559258,0.08776064960051055
K09,345,3.6324942313187734,3.539785455291261,0.09270877602751249
K09,350,3.69621906298548,3.59844926549359,0.0977697974918903
K09,355,3.7601873074300873,3.657255153051161,0.10293215437892655
K09,360,3.824411295803784,3.7162091062397553,0.10820218956402883
K09,365,3.888879023255258,3.775307910428287,0.11357111282697074
K09,370,3.953617151977645,3.834554368919993,0.11906278305765206
K09,375,4.018593022787757,3.8939443629743002,0.12464865981345641
K09,380,4.0838258473545785,3.95348067263758,0.13034517471699836
K09,385,4.149305359699832,4.013160182788301,0.13614517691153072
K09,390,4.215030225992214,4.072983373131906,0.14204685286030827
K09,395,4.281009165476225,4.132949726989201,0.14805943848702352
K09,400,4.347241711912931,4.193055541671148,0.1541861702417826
K09,405,4.41372159580615,4.253307366653429,0.16041422915272108
K09,410,4.480448194516505,4.3136995796387145,0.16674861487779058
K09,415,4.547424241359307,4.374238780796179,0.17318546056312822
K09,420,4.6146487990942475,4.434918618615324,0.17973018047892353
K09,425,4.6821221092232905,4.49574415658802,0.18637795263527046
K09,430,4.749846520089621,4.5567093048377965,0.19313721525182448
K09,435,4.817815680499894,4.617814966895818,0.20000071360407645
K09,440,4.886034721589617,4.679062372542963,0.20697234904665418
K09,445,4.954495285990573,4.7404547234501875,0.21404056254038561
K09,450,5.023195708334833,4.801985850499703,0.22120985783513003
K09,455,5.092131414691126,4.8636578809392,0.22847353375192636
K09,460,5.1613056837183064,4.925469876460785,0.23583580725752107
K09,465,5.230727303454682,4.987420299255212,0.24330700419946982
K09,470,5.300390864347081,5.049510281165509,0.2508805831815719
K09,475,5.370303382909585,5.111736914645197,0.25856646826438734
K09,480,5.440447719583821,5.174111779481376,0.26633594010244455
K09,485,5.510834906288513,5.23661889590287,0.2742160103856426
K09,490,5.581447064817363,5.2992625383228695,0.2821845264944933
K09,495,5.652287247379094,5.362038396473694,0.2902488509054004
K09,500,5.723369054455855,5.424955024883124,0.2984140295727311
K09,505,5.794674244425601,5.4880179759073275,0.30665626851827366
K09,510,5.866217506781036,5.55121645696728,0.31500104981375543
K09,515,5.938001055166666,5.6145512396178425,0.32344981554882324
K09,520,6.01001492210691,5.678024698201731,0.33199022390517907
K09,525,6.082253684595923,5.741635663886398,0.34061802070952485
K09,530,6.154714075204083,5.8053871407684,0.3493269344356831
K09,535,6.227391627803064,5.869273374969831,0.35811825283323273
K09,540,6.3003008278983605,5.933297638107892,0.3670031897904682
K09,545,6.373433471519611,5.997456585674859,0.37597688584475186
K09,550,6.446795987250927,6.061752099230372,0.38504388802055534
K09,555,6.520378400761342,6.1261801344071305,0.39419826635421185
K09,560,6.594176197906338,6.190751520496025,0.40342467741031296
K09,565,6.6681889023941405,6.255466443095884,0.4127224592982568
K09,570,6.742404275738664,6.320332620053744,0.42207165568492044
K09,575,6.816839391046296,6.385324395351825,0.4315149956944708
K09,580,6.891480641995289,6.450454685571144,0.441025956424145
K09,585,6.966333228247972,6.515714783269839,0.45061844497813297
K09,590,7.041388957890925,6.581111932140234,0.46027702575069096
K09,595,7.116655888300157,6.646639269766439,0.4700166185337178
K09,600,7.192122887851917,6.712306601785624,0.4798162860662929
K09,605,7.267784405744264,6.778097137467868,0.48968726827639575
K09,610,7.34364963042656,6.844029294426487,0.4996203360000733
K09,615,7.419717316088674,6.910084440292779,0.5096328757958952
K09,620,7.495974691572668,6.976275354992886,0.519699336579782
K09,625,7.572426310336658,7.0425961191582465,0.5298301911784113
K09,630,7.6490625735405615,7.109053120109138,0.5400094534314235
K09,635,7.725899443453403,7.1756288510151425,0.5502705924382605
K09,640,7.802920214497427,7.242342099000332,0.560578115497095
K09,645,7.880125136301632,7.309181492445116,0.5709436438565154
K09,650,7.957515621133809,7.37614990260018,0.581365718533629
K09,655,8.035078277301668,7.44324549404318,0.5918327832584884
K09,660,8.112815077980926,7.510472197286896,0.6023428806940299
K09,665,8.190739232727037,7.577823473980677,0.6129157587463592
K09,670,8.268834455710296,7.645312145174868,0.623522310535428
K09,675,8.347103746679512,7.712921718140987,0.6341820285385245
K09,680,8.425542827262765,7.780654127042362,0.6448887002204033
K09,685,8.504144195714842,7.84850715867668,0.6556370370381615
K09,690,8.582909166328562,7.916485134623867,0.666424031704695
K09,695,8.661826983810661,7.984581671441337,0.6772453123693243
K09,700,8.74091443229812,8.052800051458657,0.6881143808394619
K12,0,0.0,0.0,0.0
K12,5,-1.533658150337153e-15,-1.533658150337153e-15,0.0
K12,10,0.03238183494678577,0.032363527753789194,1.830719299657918e-05
K12,15,0.06071289678337153,0.06234104871343044,-0.0016281519300589131
K12,20,0.09846655202763294,0.10159355722703416,-0.00312700519940122
K12,25,0.1369458540568757,0.14193648324327718,-0.004990629186401474
K12,30,0.1792835648980921,0.18614534324224302,-0.006861778344150915
K12,35,0.2230414412634934,0.23183229430820967,-0.008790853044716274
K12,40,0.26879273178394997,0.27947928335296274,-0.01068655156901277
K12,45,0.3157503154275784,0.32829870049729687,-0.012548385069718448
K12,50,0.36393226335772894,0.37826756130929906,-0.014335297951570125
K12,55,0.4130266653204125,0.4290725285572461,-0.016045863236833602
K12,60,0.4629635430295736,0.48061950538169773,-0.017655962352124133
K12,65,0.5136039527271278,0.5327607017748143,-0.019156749047686494
K12,70,0.5648824295092262,0.5854214041222299,-0.02053897461300369
K12,75,0.6167260970139702,0.6385189825116337,-0.02179288549766356
K12,80,0.6690905693380421,0.6920068492684084,-0.022916279930366268
K12,85,0.7219372270687557,0.7458372298773236,-0.023900002808567855
K12,90,0.7752292666279078,0.7999844105452885,-0.02475514391738065
K12,95,0.828941815822797,0.8544170368163828,-0.02547522099358579
K12,100,0.88306515501626,0.9091186702304208,-0.026053515214160772
K12,105,0.937575690842881,0.964072388849287,-0.026496698006406083
K12,110,0.9924638562310871,1.0192668098308324,-0.02680295359974527
K12,115,1.0477285211762606,1.0746938575855716,-0.02696533640931098
K12,120,1.103354146699559,1.1303428892380347,-0.02698874253847583
K12,125,1.1593411096293533,1.1862059859433367,-0.026864876313983377
K12,130,1.2156813429793927,1.2422821812860925,-0.026600838306699792
K12,135,1.272374715370884,1.2985650957540502,-0.026190380383166234
K12,140,1.3294220478547427,1.3550568648882118,-0.025634817033469037
K12,145,1.3868156621142267,1.4117568423455318,-0.024941180231305093
K12,150,1.4445560380351252,1.468657088009864,-0.02410104997473872
K12,155,1.5026421172812707,1.5257580660917542,-0.02311594881048351
K12,160,1.5610764608158332,1.583059782291711,-0.021983321475877782
K12,165,1.6198626229886763,1.640557536790586,-0.020694913801909687
K12,170,1.6789868723217158,1.698257362110082,-0.019270489788366207
K12,175,1.7384556563393272,1.7561451510529251,-0.01768949471359793
K12,180,1.7982712836424442,1.8142398670074493,-0.015968583365005173
K12,185,1.8584251458829903,1.8725291367580765,-0.014103990875086181
K12,190,1.9189249614737,1.9310253797462664,-0.01210041827256636
K12,195,1.9797732823093919,1.9897232848655888,-0.009950002556196935
K12,200,2.0409732615895235,2.048626459215537,-0.007653197626013686
K12,205,2.1025149609393345,2.1077281313956777,-0.005213170456343175
K12,210,2.164410321076665,2.1670306491121134,-0.002620328035448427
K12,215,2.2266549757734584,2.226537461140743,0.00011751463271547635
K12,220,2.289237219931557,2.286237483031183,0.002999736900374028
K12,225,2.3521673783265453,2.346141497217463,0.0060258811090823095
K12,230,2.41544033141833,2.40624481118448,0.009195520233849841
K12,235,2.479061769295357,2.4665471183414223,0.01251465095393467
K12,240,2.5430374215033353,2.527053952250213,0.01598346925312244
K12,245,2.6073654660671965,2.58776946308802,0.019596002979176408
K12,250,2.672045614359596,2.6486833147305116,0.023362299629084315
K12,255,2.7370801729890104,2.709812212845715,0.027267960143295245
K12,260,2.802479920452633,2.771136939994858,0.03134298045777495
K12,265,2.8682314243938345,2.8326748334295253,0.03555659096430919
K12,270,2.934346822178286,2.894414778819426,0.039932043358859914
K12,275,3.000812524362912,2.956367361247733,0.04444516311517921
K12,280,3.067643820832587,3.018527599735502,0.049116221097085244
K12,285,3.1348224533531934,3.080900652678904,0.05392180067428942
K12,290,3.202351968888191,3.143473318011677,0.058878650876514005
K12,295,3.270231490519718,3.206250313373056,0.06398117714666185
K12,300,3.338469809236168,3.269225285362381,0.06924452387378732
K12,305,3.407064446362094,3.3324016293418355,0.07466281702025857
K12,310,3.476005669299384,3.395783511350602,0.08022215794878207
K12,315,3.5453124477213844,3.459362163291054,0.08595028443033037
K12,320,3.614977182091063,3.523147183176711,0.09182999891435184
K12,325,3.6849969410098744,3.5871343188860707,0.0978626221238037
K12,330,3.755371780387967,3.6513240725930602,0.10404770779490669
K12,335,3.8261011182647184,3.715728680550079,0.11037243771463956
K12,340,3.8971812400489076,3.7803381172477533,0.11684312280115439
K12,345,3.9686107262798362,3.8451646991235107,0.12344602715632558
K12,350,4.040397067658673,3.910202937649521,0.1301941300091518
K12,355,4.112544464794473,3.9754500001025637,0.13709446469190922
K12,360,4.185046702640432,4.040907271767625,0.14413943087280678
K12,365,4.257911346477206,4.106580198255734,0.1513311482214723
K12,370,4.33112148200879,4.172466524987672,0.15865495702111776
K12,375,4.4046753556662415,4.238566246017655,0.16610910964858672
K12,380,4.478577834474551,4.3048843832874235,0.17369345118712776
K12,385,4.552839017848187,4.371425623122061,0.1814133947261256
K12,390,4.627439500833971,4.438178390737987,0.189261110095984
K12,395,4.702388218964236,4.5051402170202515,0.19724800194398462
K12,400,4.777666981017761,4.5723134979471345,0.20535348307062673
K12,405,4.853283324123026,4.639706992701969,0.21357633142105747
K12,410,4.929248973442342,4.707312785327851,0.22193618811449145
K12,415,5.005550023857838,4.775142657136354,0.23040736672148387
K12,420,5.082200341121222,4.843191145298964,0.2390091958222582
K12,425,5.159185781482639,4.911465820720248,0.24771996076239144
K12,430,5.236499370176293,4.979943866233226,0.25655550394306736
K12,435,5.31414685511397,5.048634354371332,0.26551250074263777
K12,440,5.392117586636182,5.117533423454462,0.2745841631817205
K12,445,5.470427127894097,5.186649453113588,0.2837776747805094
K12,450,5.549049803591435,5.255981383078202,0.293068420513233
K12,455,5.6279980307235595,5.325528684330195,0.3024693463933641
K12,460,5.707254566985435,5.395286414515174,0.31196815247026155
K12,465,5.7868363101740155,5.465255161549391,0.3215811486246247
K12,470,5.866720975389725,5.535433813071751,0.3312871623179747
K12,475,5.9469242253212355,5.60581099649883,0.34111322882240547
K12,480,6.027431058213389,5.676400791188297,0.35103026702509155
K12,485,6.108246234846748,5.747194005964296,0.3610522288824516
K12,490,6.189379388560005,5.818196370706265,0.3711830178537401
K12,495,6.27080929096541,5.889411608847484,0.38139768211792546
K12,500,6.3525558748602755,5.960829485015527,0.3917263898447487
K12,505,6.434583632226013,6.032458516574539,0.402125115651474
K12,510,6.5168941208466995,6.1042900064407535,0.412604114405946
K12,515,6.5994908269704995,6.176320348772949,0.4231704781975507
K12,520,6.682380772023822,6.248561614288342,0.4338191577354804
K12,525,6.765541726271477,6.321005611576404,0.44453611469507326
K12,530,6.848977793793237,6.3936502019624415,0.4553275918307955
K12,535,6.932679509577312,6.466495018721602,0.46618449085571
K12,540,7.0166562331396305,6.539539881727081,0.4771163514125494
K12,545,7.1009029638078776,6.61278277290947,0.48812019089840764
K12,550,7.185401309014207,6.6862200800337765,0.49918122898043027
K12,555,7.270148719731619,6.759848795277631,0.5102999244539879
K12,560,7.355138862555873,6.833689355217925,0.5214495073379481
K12,565,7.440375407117725,6.907726834463661,0.5326485726540637
K12,570,7.525857177061436,6.981958680998343,0.5438984960630933
K12,575,7.611571651713755,7.0563734246936525,0.5551982270201021
K12,580,7.6975248562380445,7.130976516116107,0.5665483401219378
K12,585,7.783712717707742,7.205760180429726,0.5779525372780157
K12,590,7.870129684431172,7.280731099315022,0.5893985851161494
K12,595,7.956749620933199,7.355897984540196,0.6008516363930037
K12,600,8.04358548756878,7.431233803604679,0.6123516839641017
K12,605,8.130625611245987,7.506764428502664,0.6238611827433234
K12,610,8.217866773599441,7.582470080836093,0.6353966927633481
K12,615,8.305307220424325,7.6583563746346295,0.6469508457896955
K12,620,8.392958344981933,7.734409448554255,0.6585488964276776
K12,625,8.480801024521254,7.810650951269043,0.670150073252211
K12,630,8.568838012648378,7.8870622967161035,0.6817757159322744
K12,635,8.657054100383927,7.963637613720337,0.6934164866635903
K12,640,8.745428793617103,8.040391622029357,0.7050371715877457
K12,645,8.833972235045435,8.117306020116201,0.7166662149292335
K12,650,8.922684821650918,8.194389086707483,0.7282957349434351
K12,655,9.011566266363017,8.271642176624237,0.7399240897387802
K12,660,9.100625595096629,8.34904435187418,0.7515812432224482
K12,665,9.189839537614677,8.426594736975668,0.7632448006390096
K12,670,9.279210360291623,8.504315419109293,0.77489494118233
K12,675,9.368712018952104,8.58218930179081,0.7865227171612936
K12,680,9.458354149272486,8.660224640629421,0.7981295086430649
K12,685,9.548124173553257,8.738396066074046,0.8097281074792111
K12,690,9.638039376942166,8.816722201549426,0.8213171753927391
K12,695,9.728076680046318,8.895201392834663,0.8328752872116549
K12,700,9.81822757494685,8.973818575683064,0.844408999263786
H070,0,0.0,0.0,0.0
H070,5,-1.533658150337153e-15,-1.533658150337153e-15,0.0
H070,10,0.026835821109279876,0.026823757675412417,1.2063433867458978e-05
H070,15,0.052813116741668276,0.05397334581762261,-0.0011602290759543318
H070,20,0.08675556655913726,0.08898534371786536,-0.0022297771587281023
H070,25,0.12221262426304684,0.12577521573104794,-0.0035625914680011
H070,30,0.1611553296005398,0.16605283911577054,-0.004897509515230741
H070,35,0.20169658208308128,0.2079755259925284,-0.00627894390944711
H070,40,0.24411390490348475,0.2517503723618215,-0.007636467458336765
H070,45,0.2877515414421405,0.2967251143368238,-0.008973572894683313
H070,50,0.3325466436587961,0.34280884693540536,-0.01026220327660926
H070,55,0.37822760701583413,0.3897230237020904,-0.011495416686256255
H070,60,0.42469227861962744,0.43736345408504906,-0.012671175465421625
H070,65,0.47180798016768466,0.48558266096961333,-0.013774680801928674
H070,70,0.5195037089162089,0.5343040940431352,-0.014800385126926274
H070,75,0.567715395086673,0.5834492746598339,-0.01573387957316086
H070,80,0.6163930152752527,0.632966237335192,-0.016573222059939274
H070,85,0.6654926635754879,0.6828116844019663,-0.017319020826478404
H070,90,0.714998779911573,0.7329540417176181,-0.01795526180604512
H070,95,0.7648476266584653,0.7833655691278044,-0.018517942469339133
H070,100,0.8150596565707504,0.8340241218471623,-0.018964465276411935
H070,105,0.8656014083355682,0.8849256534206728,-0.019324245085104552
H070,110,0.916476809351798,0.9360504751773304,-0.019573665825532438
H070,115,0.9676601034061107,0.9874042278914117,-0.01974412448530094
H070,120,1.0191591567223546,1.0389660165987438,-0.019806859876389193
H070,125,1.0709452334906213,1.0907321573254656,-0.01978692383484426
H070,130,1.1230459256905383,1.1426963450487189,-0.01965041935818057
H070,135,1.1754262165555949,1.1948574059974701,-0.019431189441875274
H070,140,1.2281092434538587,1.247214467630672,-0.019105224176813262
H070,145,1.2810766845210237,1.2997653485645497,-0.018688664043525982
H070,150,1.3343794116214531,1.3525104600082463,-0.018131048386793136
H070,155,1.387973980299005,1.4054445887093758,-0.017470608410370847
H070,160,1.4418750226359875,1.4585703413241804,-0.01669531868819285
H070,165,1.4960657833938538,1.5118792948776254,-0.015813511483771636
H070,170,1.550552988524082,1.565374464594344,-0.014821476070261852
H070,175,1.605316767910494,1.6190583884243988,-0.013741620513904707
H070,180,1.6603707663164717,1.6729338300315209,-0.012563063715049116
H070,185,1.7157359831073815,1.7269952296797466,-0.0112592465723651
H070,190,1.7713931540382286,1.7812515669611877,-0.009858412922959081
H070,195,1.827351495604925,1.8356997186833568,-0.008348223078431749
H070,200,1.8836226248394385,1.89033627048444,-0.0067136456450014315
H070,205,1.9402081048571904,1.9451711834710992,-0.004963078613908767
H070,210,1.9970943263182603,2.000198837559737,-0.003104511241476482
H070,215,2.0542790548940277,2.0554251833227832,-0.0011461284287554996
H070,220,2.1117767009291795,2.110842227952567,0.0009344729766125326
H070,225,2.169597850526064,2.16645220488672,0.0031456456393437193
H070,230,2.227725026236798,2.2222518951014933,0.005473131135304676
H070,235,2.2861714743244623,2.278250849078701,0.007920625245761315
H070,240,2.344948197446768,2.33444818510306,0.010500012343707787
H070,245,2.404051621695888,2.3908379107554314,0.013213710940456647
H070,250,2.4634743730242663,2.4474333759157756,0.016040997108490718
H070,255,2.5232070424673947,2.504231121114339,0.018975921353055814
H070,260,2.5832636729083216,2.561234993706876,0.022028679201445467
H070,265,2.643631262796494,2.6184489557165227,0.025182307079971267
H070,270,2.7043322699419305,2.6758650711218057,0.02846719882012483
H070,275,2.765335914905787,2.7334936900795803,0.03184222482620669
H070,280,2.826664884689259,2.7913340225945054,0.035330862094753446
H070,285,2.888310692171165,2.849379853090513,0.0389308390806522
H070,290,2.9503151452675787,2.9076328093044386,0.04268233596314008
H070,295,3.0126348397777702,2.96608605692283,0.04654878285494046
H070,300,3.075304529846986,3.024741210987002,0.050563318859983664
H070,305,3.1383136096224695,3.083585302319251,0.054728307303218315
H070,310,3.2016646473910226,3.1426300893801633,0.05903455801085933
H070,315,3.265331878210878,3.201878053870148,0.06345382434072988
H070,320,3.3293570880008234,3.2613335156694694,0.06802357233135403
H070,325,3.3937009304371557,3.320994050611377,0.07270687982577861
H070,330,3.4584091765705334,3.3808587874243705,0.07755038914616286
H070,335,3.5234513044951585,3.4409432987183024,0.08250800577685613
H070,340,3.588857614891584,3.501244461883987,0.08761315300759698
H070,345,3.654596627460843,3.561749572420366,0.09284705504047697
H070,350,3.7206808758286645,3.6224707996171737,0.0982100762114908
H070,355,3.787089609364124,3.683414179302162,0.103675430061962
H070,360,3.853831391742302,3.7445681261142005,0.10926326562810162
H070,365,3.920935502861912,3.8059743250685796,0.11496117779333259
H070,370,3.9883932407910585,3.8675861168430434,0.12080712394801507
H070,375,4.0561949035320675,3.929438264969683,0.12675663856238462
H070,380,4.124338327394966,3.9915031345205225,0.13283519287444356
H070,385,4.1928124079389715,4.053792585385261,0.1390198225537107
H070,390,4.2616419415140365,4.11630547679903,0.14533646471500639
H070,395,4.330834118593273,4.1790467868143395,0.15178733177893378
H070,400,4.400370080299069,4.242012946497422,0.15835713380164762
H070,405,4.470263258944056,4.305199791840303,0.16506346710375297
H070,410,4.540482659918836,4.3686009956183245,0.17188166430051144
H070,415,4.611059757788723,4.432239935577763,0.1788198222109605
H070,420,4.681954901608487,4.496098114109302,0.18585678749918433
H070,425,4.753211787265359,4.560205206614603,0.19300658065075638
H070,430,4.824788897118526,4.624537296435475,0.2002516006830506
H070,435,4.89671890399576,4.689101890938035,0.20761701305772462
H070,440,4.968981601347178,4.753872252676376,0.21510934867080156
H070,445,5.041586466260499,4.818868871514618,0.22271759474588126
H070,450,5.114522628479465,4.884084488774182,0.23043813970528326
H070,455,5.187792185680202,4.949522322239567,0.23826986344063528
H070,460,5.2613999198334565,5.015186123518333,0.2462137963151232
H070,465,5.3353557291182785,5.081075907273391,0.2542798218448876
H070,470,5.409639463873114,5.147190329877017,0.26244913399609615
H070,475,5.4842625266563045,5.213531204949486,0.27073132170681813
H070,480,5.559188137642304,5.280111659909515,0.2790764777327883
H070,485,5.634436751573186,5.346930624849886,0.2875061267232999
H070,490,5.710010399558365,5.413968899362908,0.2960415001954564
H070,495,5.785881734639122,5.4812198415838305,0.30466189305529134
H070,500,5.862075568422558,5.548690720420919,0.3133848480016388
H070,505,5.938587856514311,5.61638829270949,0.32219956380482095
H070,510,6.015423826053577,5.684287186816668,0.3311366392369086
H070,515,6.092565762605614,5.752420752099091,0.34014501050652246
H070,520,6.170014356645829,5.82075669041897,0.34925766622685916
H070,525,6.247764615459242,5.889313095115436,0.3584515203438059
H070,530,6.325778513810301,5.958081889122051,0.36769662468825004
H070,535,6.404094306653355,6.027061517572563,0.37703278908079163
H070,540,6.48269416403998,6.096268014596564,0.386426149443416
H070,545,6.561615187825083,6.165688297710039,0.3959268901150441
H070,550,6.640814387113682,6.235317676799997,0.4054967103136855
H070,555,6.720332007040522,6.30518531069302,0.41514669634750234
H070,560,6.800137821535735,6.375251616253123,0.4248862052826121
H070,565,6.880231778706556,6.445550561464472,0.4346812172420842
H070,570,6.960598418352071,6.51605189156465,0.44454652678742157
H070,575,7.041206589081399,6.586769029602608,0.45443755947879083
H070,580,7.12206382151786,6.657661480280744,0.46440234123711566
H070,585,7.203181434635965,6.728771080592305,0.47441035404365994
H070,590,7.2845475554316295,6.80006934775273,0.48447820767889915
H070,595,7.366173786865435,6.871554836753169,0.4946189501122662
H070,600,7.448066333673427,6.943257897303869,0.504808436369558
H070,605,7.530193492013817,7.015127594527798,0.5150658974860187
H070,610,7.612565282326542,7.087216014750143,0.5253492675763987
H070,615,7.695177801440122,7.159510409634871,0.5356673918052515
H070,620,7.778012014696868,7.231987702108868,0.546024312588
H070,625,7.861062968944426,7.304676925459605,0.5563860434848209
H070,630,7.944351963702984,7.377571827592209,0.5667801361107756
H070,635,8.027867695751185,7.450608446422526,0.5772592493286588
H070,640,8.11158043571421,7.523842150893953,0.587738284820257
H070,645,8.195485939103,7.597237412448516,0.5982485266544835
H070,650,8.279599565948628,7.67076044577745,0.6088391201711776
H070,655,8.36391413716177,7.744469493246031,0.6194446439157382
H070,660,8.448405191846339,7.818340620812748,0.630064571033591
H070,665,8.533091136879099,7.89238941830689,0.6407017185722088
H070,670,8.617976340406685,7.966575410962316,0.6514009294443683
H070,675,8.703017865987057,8.040974597165288,0.662043268821769
H070,680,8.788265253862262,8.115514834084962,0.6727504197772998
H070,685,8.873660855777068,8.19023796934066,0.6834228864364071
H070,690,8.959244778178583,8.26509561181749,0.6941491663610933
H070,695,9.044965531533382,8.340142765476678,0.7048227660567044
H070,700,9.13084723874361,8.415305161899484,0.7155420768441267
H140,0,0.0,0.0,0.0
H140,5,-1.533658150337153e-15,-1.533658150337153e-15,0.0
H140,10,0.03657780646870138,0.03655389077225751,2.3915696443874146e-05
H140,15,0.06669970824075273,0.06868129946059894,-0.0019815912198462016
H140,20,0.10735030682621921,0.11115369638729464,-0.0038033895610754265
H140,25,0.14814089510478057,0.15420416028864853,-0.006063265183867961
H140,30,0.19307697288235462,0.20140846755914588,-0.008331494676791257
H140,35,0.2393054997857217,0.2499689602332592,-0.01066346044753752
H140,40,0.28762421839575897,0.30057927993774275,-0.012955061541983781
H140,45,0.33714801003992706,0.3523399848335771,-0.015191974793650032
H140,50,0.3879509083423729,0.40528787006443034,-0.017336961722057453
H140,55,0.4397012988620948,0.4590755328386093,-0.0193742339765145
H140,60,0.49234249550681125,0.5136263602868028,-0.0212838647799915
H140,65,0.5457328229414601,0.5687820734285917,-0.02304925048713158
H140,70,0.5998094725153799,0.6244752781616112,-0.02466580564623133
H140,75,0.6544952379835177,0.6806210813697327,-0.02612584338621493
H140,80,0.7097509722325948,0.7371711913150927,-0.02742021908249792
H140,85,0.7655346864583442,0.7940791968208194,-0.028544510362475184
H140,90,0.8218139951742128,0.8513195785635519,-0.029505583389339063
H140,95,0.8785669340870124,0.908859581807399,-0.030292647720386645
H140,100,0.9357712492818878,0.9666816819550121,-0.030910432673124322
H140,105,0.993417976379083,1.024768986376687,-0.031351009997603874
H140,110,1.0514889070865616,1.0831091081605915,-0.03162020107402985
H140,115,1.109975936167144,1.141695030551632,-0.031719094384488056
H140,120,1.168879502322363,1.2005161755238538,-0.03163667320149077
H140,125,1.228187487068678,1.2595624633851958,-0.031374976316517866
H140,130,1.2878943110079597,1.3188326986673697,-0.030938387659410038
H140,135,1.3480022224316155,1.3783215607142163,-0.030319338282600805
H140,140,1.4085062301765423,1.4380296296549124,-0.029523399478370127
H140,145,1.4694032042057281,1.4979522922957598,-0.02854908809003165
H140,150,1.5306890586397113,1.5580881425626563,-0.02739908392294499
H140,155,1.5923634791337038,1.6184295347360087,-0.026066055602304905
H140,160,1.6544238962294957,1.678981029318476,-0.02455713308898022
H140,165,1.7168736515385203,1.7397365413986856,-0.02286288986016527
H140,170,1.779699667637926,1.8007024022392413,-0.021002734601315298
H140,175,1.8429082845861904,1.8618710713446236,-0.018962786758433214
H140,180,1.9064937973292604,1.923249426997806,-0.016755629668545602
H140,185,1.970461851574746,1.9848320342168448,-0.014370182642098772
H140,190,2.034809689711196,2.0466280315554224,-0.011818341844226588
H140,195,2.0995440056375942,2.1086325489480378,-0.009088543310443509
H140,200,2.1646504703275538,2.1708447937213866,-0.006194323393832857
H140,205,2.230131542977387,2.2332608656450734,-0.003129322667686285
H140,210,2.2959929910300385,2.295882735957102,0.0001102550729363827
H140,215,2.362227856479785,2.358706224037277,0.003521632442508249
H140,220,2.42885094743404,2.421734492821087,0.0071164546129529604
H140,225,2.4958501261530612,2.484963064125527,0.010887062027534089
H140,230,2.5632281257681457,2.5483944144737722,0.014833711294373497
H140,235,2.630992682821795,2.6120278705348925,0.01896481228690261
H140,240,2.6991281446634456,2.675871647601974,0.02325649706147148
H140,245,2.767636621304842,2.739912784898475,0.027723836406366775
H140,250,2.836525636568754,2.804161269305477,0.03236436726327696
H140,255,2.9057878667127257,2.8686190047784095,0.03716886193431623
H140,260,2.9754225604632882,2.933284021884922,0.04213853857836636
H140,265,3.0454248587504225,2.998154285211144,0.04727057353927844
H140,270,3.1157883864935885,3.063236025579557,0.05255236091403148
H140,275,3.1865170959828117,3.1285246100487893,0.0579924859340224
H140,280,3.257620085554241,3.1940189396558845,0.06360114589835675
H140,285,3.3290878305920364,3.2597164518190573,0.06937137877297905
H140,290,3.4009336453198244,3.3256143721844937,0.07531927313533071
H140,295,3.473142836620056,3.3917088928726398,0.0814339437474163
H140,300,3.5457171038270885,3.4579990090607846,0.08771809476630388
H140,305,3.6186549414108686,3.524488968454135,0.09416597295673368
H140,310,3.6919565908674286,3.5911743863013066,0.10078220456612197
H140,315,3.7656224284410595,3.6580569382641994,0.10756549017686012
H140,320,3.839645336532604,3.725133850951911,0.1145114855806928
H140,325,3.914018332416857,3.7924087804628206,0.12160955195403655
H140,330,3.9887492846704826,3.859881912565073,0.12886737210540966
H140,335,4.063830722354253,3.9275535098499903,0.13627721250426283
H140,340,4.139269952734673,3.995418201591036,0.14385175114363724
H140,345,4.215061265299023,4.063484643670715,0.15157662162830832
H140,350,4.291205254023101,4.13175029815446,0.15945495586864133
H140,355,4.367688832796918,4.200219634816672,0.16746919798024607
H140,360,4.4445167760541375,4.268896298793123,0.17562047726101415
H140,365,4.521689092595495,4.337784947683129,0.18390414491236573
H140,370,4.5992006958452665,4.406876823623793,0.19232387222147374
H140,375,4.677051592489831,4.476172752374876,0.20087884011495483
H140,380,4.755232712495024,4.545671318054577,0.2095613944404473
H140,385,4.83376190279904,4.615371008639734,0.21839089415930601
H140,390,4.912623786320285,4.6852700179973334,0.22735376832295184
H140,395,4.9918241901245635,4.755375764691552,0.2364484254330117
H140,400,5.071345072119346,4.825683137957407,0.24566193416193904
H140,405,5.151194384321277,4.896191778466818,0.2550026058544592
H140,410,5.231356078733118,4.9668973730908155,0.2644587056423022
H140,415,5.3118408118827904,5.037802344103949,0.27403846777884144
H140,420,5.39263981043514,5.108899659982727,0.2837401504524131
H140,425,5.4737582886665965,5.180203324778271,0.2935549638883259
H140,430,5.55518040419236,5.2517042653625445,0.30347613882981506
H140,435,5.636912486004972,5.323396249055447,0.3135162369495248
H140,440,5.718942982733155,5.395286332388429,0.32365665034472535
H140,445,5.80127405229495,5.467376336393216,0.3338977159017338
H140,450,5.88390806612735,5.539660115042261,0.3442479510850891
H140,455,5.966837764983308,5.612132419894282,0.35470534508902585
H140,460,6.050054473824048,5.684798536853799,0.3652559369702484
H140,465,6.133553940930481,5.757652217073509,0.3759017238569724
H140,470,6.217334330336154,5.8306914153327964,0.3866429150033577
H140,475,6.3013967572989555,5.903926878491524,0.39746987880743134
H140,480,6.385740608281741,5.97735073605087,0.4083898722308703
H140,485,6.470350645746638,6.050962160884894,0.4193884848617442
H140,490,6.555225971912408,6.124762050722932,0.4304639211894763
H140,495,6.6403543338652575,6.198754123356197,0.4416002105090602
H140,500,6.725748271052705,6.272930973209419,0.4528172978432856
H140,505,6.811394751013408,6.347292589762934,0.4641021612504739
H140,510,6.897298192471795,6.4218383681334466,0.47545982433834855
H140,515,6.983440500994371,6.496567688063649,0.4868728129307218
H140,520,7.069831840605471,6.571476370995383,0.4983554696100878
H140,525,7.156460777256202,6.6465652892787555,0.5098954879774462
H140,530,7.243328012972723,6.721826855962882,0.5215011570098413
H140,535,7.330419949180513,6.797268405993533,0.53315154318698
H140,540,7.417736573613391,6.872887572733814,0.5448490008795774
H140,545,7.505268350540463,6.948684551096852,0.5565837994436116
H140,550,7.593017475319222,7.024657669266318,0.5683598060529036
H140,555,7.680979775940298,7.100801512551501,0.5801782633887962
H140,560,7.769133895122206,7.177123542215251,0.5920103529069545
H140,565,7.857502677314885,7.253618030738968,0.6038846465759171
H140,570,7.946065530230993,7.3302878130698215,0.6157777171611718
H140,575,8.034832282480595,7.40711764874828,0.6277146337323147
H140,580,8.1237772437956,7.484116837269094,0.639660406526505
H140,585,8.212902228258857,7.561286655034027,0.6516155732248299
H140,590,8.302206867362354,7.638615438966492,0.6635914283958622
H140,595,8.391684449862938,7.716103329389657,0.6755811204732804
H140,600,8.481331488686287,7.793759312394272,0.6875721762920151
H140,605,8.571138054880784,7.871569470571193,0.6995685843095911
H140,610,8.661105990100529,7.949538210026028,0.7115677800745006
H140,615,8.751233822103083,8.027660359978361,0.7235734621247225
H140,620,8.84150824488517,8.10593451570913,0.7355737291760391
H140,625,8.931921763230797,8.184363421634892,0.7475583415959051
H140,630,9.02247707654016,8.262936017876788,0.7595410586633715
H140,635,9.113165627545886,8.34166763586224,0.7714979916836455
H140,640,9.203985558507014,8.420546009346207,0.783439549160807
H140,645,9.294933381776163,8.49957737272019,0.7953560090559737
H140,650,9.386006160034857,8.578749433468667,0.8072567265661892
H140,655,9.477201912024379,8.658060678437216,0.8191412335871622
H140,660,9.568506126649238,8.737514683804196,0.8309914428450416
H140,665,9.659905750186876,8.8171042533957,0.8428014967911768
H140,670,9.75140257098793,8.896832569774135,0.8545700012137942
H140,675,9.842994806054909,8.976699976942092,0.8662948291128174
H140,680,9.934682214949065,9.056691848780646,0.8779903661684187
H140,685,10.026467881445768,9.136811021643707,0.8896568598020611
H140,690,10.118342247262897,9.217057195637201,0.9012850516256954
H140,695,10.210295352600928,9.297432543554047,0.9128628090468816
H140,700,10.30233051496911,9.37793222255543,0.9243982924136809
