case,ratio,kf_um_s,kr_um_s,start_s,end_s,velocity_um_h,permeability_multiplier
W_K06_R1,1,0.06,0.06,1000,1500,2.239203811661079,1
F3_KP090_W105_FP,1,0.09,0.09,1000,1500,3.7509260829691313,1
W_TR_DS100_KC100,1,0.13,0.13,1000,1500,6.388724160372972,1
F3_KP150_W105_FP,1,0.15,0.15,1000,1500,7.935143921561321,1
W_K06_R3,3,0.06,0.02,1000,1500,2.2682751372750523,1
W_K09_R3,3,0.09,0.03,1000,1500,3.8691940435233887,1
W_K13_R3,3,0.13,0.043333333333333335,1000,1500,6.659711850288712,1
W_K15_R3,3,0.15,0.049999999999999996,1000,1500,8.29501189212622,1
W_K09_R2,2,0.09,0.045,1000,1500,3.8210548985487653,1
W_K13_R2,2,0.13,0.065,1000,1500,6.444726309610605,1
W_K15_R2,2,0.15,0.075,1000,1500,7.958940379604739,1
P_K06_L2p0,3,0.06,0.02,1000,1500,4.8013593720184415,2
P_K09_L2p0,3,0.09,0.03,1000,1500,8.996207296855612,2
P_K12_L2p0,3,0.12,0.04,1000,1500,13.54788102699886,2
