case,time_s,displacement_um,kf_um_s,kr_um_s,hf_over_pi,hr_over_pi,permeability_multiplier
W_K06_R1,0.0,0.0,0.06,0.06,0.105,0.105,1
W_K06_R1,50.0,0.027620878738831338,0.06,0.06,0.105,0.105,1
W_K06_R1,100.0,0.0579022286907611,0.06,0.06,0.105,0.105,1
W_K06_R1,150.0,0.08811686331763392,0.06,0.06,0.105,0.105,1
W_K06_R1,200.0,0.11828494697706352,0.06,0.06,0.105,0.105,1
W_K06_R1,250.0,0.14842141027354377,0.06,0.06,0.105,0.105,1
W_K06_R1,300.0,0.17854439112576911,0.06,0.06,0.105,0.105,1
W_K06_R1,350.0,0.20866405143773095,0.06,0.06,0.105,0.105,1
W_K06_R1,400.0,0.23878837835677275,0.06,0.06,0.105,0.105,1
W_K06_R1,450.0,0.2689332173403327,0.06,0.06,0.105,0.105,1
W_K06_R1,500.0,0.29910123222218177,0.06,0.06,0.105,0.105,1
W_K06_R1,550.0,0.32930109190514,0.06,0.06,0.105,0.105,1
W_K06_R1,600.0,0.35953777941304593,0.06,0.06,0.105,0.105,1
W_K06_R1,650.0,0.38981391034537194,0.06,0.06,0.105,0.105,1
W_K06_R1,700.0,0.4201328264510101,0.06,0.06,0.105,0.105,1
W_K06_R1,750.0,0.45051016093404955,0.06,0.06,0.105,0.105,1
W_K06_R1,800.0,0.4809533477685268,0.06,0.06,0.105,0.105,1
W_K06_R1,850.0,0.5114703229450059,0.06,0.06,0.105,0.105,1
W_K06_R1,900.0,0.5420572055033641,0.06,0.06,0.105,0.105,1
W_K06_R1,950.0,0.5727095576844152,0.06,0.06,0.105,0.105,1
W_K06_R1,1000.0,0.6034372715640074,0.06,0.06,0.105,0.105,1
W_K06_R1,1050.0,0.6342325895902666,0.06,0.06,0.105,0.105,1
W_K06_R1,1100.0,0.6650900064876013,0.06,0.06,0.105,0.105,1
W_K06_R1,1150.0,0.6960212936197322,0.06,0.06,0.105,0.105,1
W_K06_R1,1200.0,0.72701831143627,0.06,0.06,0.105,0.105,1
W_K06_R1,1250.0,0.7580853591876764,0.06,0.06,0.105,0.105,1
W_K06_R1,1300.0,0.7892225439061573,0.06,0.06,0.105,0.105,1
W_K06_R1,1350.0,0.8204281022830491,0.06,0.06,0.105,0.105,1
W_K06_R1,1400.0,0.8517011211493163,0.06,0.06,0.105,0.105,1
W_K06_R1,1450.0,0.8830379765877414,0.06,0.06,0.105,0.105,1
W_K06_R1,1500.0,0.9144378009613795,0.06,0.06,0.105,0.105,1
W_K06_R1,1550.0,0.9458958297803535,0.06,0.06,0.105,0.105,1
W_K06_R1,1600.0,0.9774067400551537,0.06,0.06,0.105,0.105,1
W_K06_R1,1650.0,1.0089720922985765,0.06,0.06,0.105,0.105,1
W_K06_R1,1700.0,1.0405868553252626,0.06,0.06,0.105,0.105,1
W_K06_R1,1750.0,1.0722516915044138,0.06,0.06,0.105,0.105,1
W_K06_R1,1800.0,1.1039668065855457,0.06,0.06,0.105,0.105,1
W_K06_R1,1850.0,1.13572358160417,0.06,0.06,0.105,0.105,1
W_K06_R1,1900.0,1.1675182101895711,0.06,0.06,0.105,0.105,1
W_K06_R1,1950.0,1.1993438757728008,0.06,0.06,0.105,0.105,1
W_K06_R1,2000.0,1.2311993607506853,0.06,0.06,0.105,0.105,1
F3_KP130_W070_FP,0.0,0.0,0.13,0.13,0.07,0.07,1
F3_KP130_W070_FP,50.0,0.040164698095287873,0.13,0.13,0.07,0.07,1
F3_KP130_W070_FP,100.0,0.08432435354346834,0.13,0.13,0.07,0.07,1
F3_KP130_W070_FP,150.0,0.12871095329675114,0.13,0.13,0.07,0.07,1
F3_KP130_W070_FP,200.0,0.17353816788251608,0.13,0.13,0.07,0.07,1
F3_KP130_W070_FP,250.0,0.21895443643275336,0.13,0.13,0.07,0.07,1
F3_KP130_W070_FP,300.0,0.26503374464726803,0.13,0.13,0.07,0.07,1
F3_KP130_W070_FP,350.0,0.31187087907509065,0.13,0.13,0.07,0.07,1
F3_KP130_W070_FP,400.0,0.35961557992042614,0.13,0.13,0.07,0.07,1
F3_KP130_W070_FP,450.0,0.4084032635900949,0.13,0.13,0.07,0.07,1
F3_KP130_W070_FP,500.0,0.45828211855414147,0.13,0.13,0.07,0.07,1
F3_KP130_W070_FP,550.0,0.5093134150169368,0.13,0.13,0.07,0.07,1
F3_KP130_W070_FP,600.0,0.5615543419717313,0.13,0.13,0.07,0.07,1
F3_KP130_W070_FP,650.0,0.6149968335616814,0.13,0.13,0.07,0.07,1
F3_KP130_W070_FP,700.0,0.6697354906929596,0.13,0.13,0.07,0.07,1
F3_KP130_W070_FP,750.0,0.7258210145382116,0.13,0.13,0.07,0.07,1
F3_KP130_W070_FP,800.0,0.7832273007194824,0.13,0.13,0.07,0.07,1
F3_KP130_W070_FP,850.0,0.8420206918449054,0.13,0.13,0.07,0.07,1
F3_KP130_W070_FP,900.0,0.9021961793248832,0.13,0.13,0.07,0.07,1
F3_KP130_W070_FP,950.0,0.9636964104157205,0.13,0.13,0.07,0.07,1
F3_KP130_W070_FP,1000.0,1.0265700014922516,0.13,0.13,0.07,0.07,1
F3_KP130_W070_FP,1050.0,1.0908250446493624,0.13,0.13,0.07,0.07,1
F3_KP130_W070_FP,1100.0,1.1563872597549238,0.13,0.13,0.07,0.07,1
F3_KP130_W070_FP,1150.0,1.223243993722051,0.13,0.13,0.07,0.07,1
F3_KP130_W070_FP,1200.0,1.291283482764689,0.13,0.13,0.07,0.07,1
F3_KP130_W070_FP,1250.0,1.3604973632008384,0.13,0.13,0.07,0.07,1
F3_KP130_W070_FP,1300.0,1.430819447303439,0.13,0.13,0.07,0.07,1
F3_KP130_W070_FP,1350.0,1.5022387098044392,0.13,0.13,0.07,0.07,1
F3_KP130_W070_FP,1400.0,1.5745917199701918,0.13,0.13,0.07,0.07,1
F3_KP130_W070_FP,1450.0,1.6478358412074723,0.13,0.13,0.07,0.07,1
F3_KP130_W070_FP,1500.0,1.7219092354273589,0.13,0.13,0.07,0.07,1
F3_KP130_W070_FP,1550.0,1.796708247392165,0.13,0.13,0.07,0.07,1
F3_KP130_W070_FP,1600.0,1.872091346432021,0.13,0.13,0.07,0.07,1
F3_KP130_W070_FP,1650.0,1.9480612509779276,0.13,0.13,0.07,0.07,1
F3_KP130_W070_FP,1700.0,2.02442797096993,0.13,0.13,0.07,0.07,1
F3_KP130_W070_FP,1750.0,2.1011424308690687,0.13,0.13,0.07,0.07,1
F3_KP130_W070_FP,1800.0,2.17815150049691,0.13,0.13,0.07,0.07,1
F3_KP130_W070_FP,1850.0,2.255246444056195,0.13,0.13,0.07,0.07,1
F3_KP130_W070_FP,1900.0,2.332358907439555,0.13,0.13,0.07,0.07,1
F3_KP130_W070_FP,1950.0,2.4093517554357553,0.13,0.13,0.07,0.07,1
F3_KP130_W070_FP,2000.0,2.486285786931793,0.13,0.13,0.07,0.07,1
W_TR_DS100_KC100,0.0,0.0,0.13,0.13,0.105,0.105,1
W_TR_DS100_KC100,50.0,0.05964972250666788,0.13,0.13,0.105,0.105,1
W_TR_DS100_KC100,100.0,0.1251716326989086,0.13,0.13,0.105,0.105,1
W_TR_DS100_KC100,150.0,0.1908511174164572,0.13,0.13,0.105,0.105,1
W_TR_DS100_KC100,200.0,0.2568559068303056,0.13,0.13,0.105,0.105,1
W_TR_DS100_KC100,250.0,0.3233356280638831,0.13,0.13,0.105,0.105,1
W_TR_DS100_KC100,300.0,0.39040735795356585,0.13,0.13,0.105,0.105,1
W_TR_DS100_KC100,350.0,0.45820985844594875,0.13,0.13,0.105,0.105,1
W_TR_DS100_KC100,400.0,0.5268966012812517,0.13,0.13,0.105,0.105,1
W_TR_DS100_KC100,450.0,0.596536149768877,0.13,0.13,0.105,0.105,1
W_TR_DS100_KC100,500.0,0.6671946280204522,0.13,0.13,0.105,0.105,1
W_TR_DS100_KC100,550.0,0.7389404315198785,0.13,0.13,0.105,0.105,1
W_TR_DS100_KC100,600.0,0.8118586388825426,0.13,0.13,0.105,0.105,1
W_TR_DS100_KC100,650.0,0.8859984685081842,0.13,0.13,0.105,0.105,1
W_TR_DS100_KC100,700.0,0.961359568213718,0.13,0.13,0.105,0.105,1
W_TR_DS100_KC100,750.0,1.038001885236383,0.13,0.13,0.105,0.105,1
W_TR_DS100_KC100,800.0,1.1159523761608343,0.13,0.13,0.105,0.105,1
W_TR_DS100_KC100,850.0,1.195189477189119,0.13,0.13,0.105,0.105,1
W_TR_DS100_KC100,900.0,1.275740497624513,0.13,0.13,0.105,0.105,1
W_TR_DS100_KC100,950.0,1.3575671079790317,0.13,0.13,0.105,0.105,1
W_TR_DS100_KC100,1000.0,1.4406560644447761,0.13,0.13,0.105,0.105,1
W_TR_DS100_KC100,1050.0,1.5249576671957366,0.13,0.13,0.105,0.105,1
W_TR_DS100_KC100,1100.0,1.6104745997693155,0.13,0.13,0.105,0.105,1
W_TR_DS100_KC100,1150.0,1.697087304692829,0.13,0.13,0.105,0.105,1
W_TR_DS100_KC100,1200.0,1.7847268902040707,0.13,0.13,0.105,0.105,1
W_TR_DS100_KC100,1250.0,1.8733457595170406,0.13,0.13,0.105,0.105,1
W_TR_DS100_KC100,1300.0,1.962862267031719,0.13,0.13,0.105,0.105,1
W_TR_DS100_KC100,1350.0,2.053168582906685,0.13,0.13,0.105,0.105,1
W_TR_DS100_KC100,1400.0,2.1441904935771534,0.13,0.13,0.105,0.105,1
W_TR_DS100_KC100,1450.0,2.235858600947321,0.13,0.13,0.105,0.105,1
W_TR_DS100_KC100,1500.0,2.3279788644965778,0.13,0.13,0.105,0.105,1
W_TR_DS100_KC100,1550.0,2.4205169089188154,0.13,0.13,0.105,0.105,1
W_TR_DS100_KC100,1600.0,2.5133202516074453,0.13,0.13,0.105,0.105,1
W_TR_DS100_KC100,1650.0,2.6063256337423253,0.13,0.13,0.105,0.105,1
W_TR_DS100_KC100,1700.0,2.699400098295672,0.13,0.13,0.105,0.105,1
W_TR_DS100_KC100,1750.0,2.7924306934125016,0.13,0.13,0.105,0.105,1
W_TR_DS100_KC100,1800.0,2.8853237940145386,0.13,0.13,0.105,0.105,1
W_TR_DS100_KC100,1850.0,2.978008325091673,0.13,0.13,0.105,0.105,1
W_TR_DS100_KC100,1900.0,3.0703454732246764,0.13,0.13,0.105,0.105,1
W_TR_DS100_KC100,1950.0,3.162279292890147,0.13,0.13,0.105,0.105,1
W_TR_DS100_KC100,2000.0,3.2537021835349185,0.13,0.13,0.105,0.105,1
F3_KP150_W105_FP,0.0,0.0,0.15,0.15,0.105,0.105,1
F3_KP150_W105_FP,50.0,0.06876438859451063,0.15,0.15,0.105,0.105,1
F3_KP150_W105_FP,100.0,0.1443651158292852,0.15,0.15,0.105,0.105,1
F3_KP150_W105_FP,150.0,0.22029002118775798,0.15,0.15,0.105,0.105,1
F3_KP150_W105_FP,200.0,0.2967932538519945,0.15,0.15,0.105,0.105,1
F3_KP150_W105_FP,250.0,0.3740881326044102,0.15,0.15,0.105,0.105,1
F3_KP150_W105_FP,300.0,0.45238611578822824,0.15,0.15,0.105,0.105,1
F3_KP150_W105_FP,350.0,0.5319424493626885,0.15,0.15,0.105,0.105,1
F3_KP150_W105_FP,400.0,0.6128843722775644,0.15,0.15,0.105,0.105,1
F3_KP150_W105_FP,450.0,0.6953438034911296,0.15,0.15,0.105,0.105,1
F3_KP150_W105_FP,500.0,0.7794472474286027,0.15,0.15,0.105,0.105,1
F3_KP150_W105_FP,550.0,0.8653278362423252,0.15,0.15,0.105,0.105,1
F3_KP150_W105_FP,600.0,0.953025318064694,0.15,0.15,0.105,0.105,1
F3_KP150_W105_FP,650.0,1.0426452244246354,0.15,0.15,0.105,0.105,1
F3_KP150_W105_FP,700.0,1.1342316321119363,0.15,0.15,0.105,0.105,1
F3_KP150_W105_FP,750.0,1.2278034845912338,0.15,0.15,0.105,0.105,1
F3_KP150_W105_FP,800.0,1.323400946948824,0.15,0.15,0.105,0.105,1
F3_KP150_W105_FP,850.0,1.4209849865166757,0.15,0.15,0.105,0.105,1
F3_KP150_W105_FP,900.0,1.5205323972364202,0.15,0.15,0.105,0.105,1
F3_KP150_W105_FP,950.0,1.6219916259876757,0.15,0.15,0.105,0.105,1
F3_KP150_W105_FP,1000.0,1.7252129097858093,0.15,0.15,0.105,0.105,1
F3_KP150_W105_FP,1050.0,1.8301257330113394,0.15,0.15,0.105,0.105,1
F3_KP150_W105_FP,1100.0,1.9366585796542728,0.15,0.15,0.105,0.105,1
F3_KP150_W105_FP,1150.0,2.0446246955254668,0.15,0.15,0.105,0.105,1
F3_KP150_W105_FP,1200.0,2.153917940406081,0.15,0.15,0.105,0.105,1
F3_KP150_W105_FP,1250.0,2.264340783885444,0.15,0.15,0.105,0.105,1
F3_KP150_W105_FP,1300.0,2.3757447265181444,0.15,0.15,0.105,0.105,1
F3_KP150_W105_FP,1350.0,2.4879099835924405,0.15,0.15,0.105,0.105,1
F3_KP150_W105_FP,1400.0,2.6006944217334445,0.15,0.15,0.105,0.105,1
F3_KP150_W105_FP,1450.0,2.713881000143148,0.15,0.15,0.105,0.105,1
F3_KP150_W105_FP,1500.0,2.8273162322248817,0.15,0.15,0.105,0.105,1
F3_KP150_W105_FP,1550.0,2.9407777229217604,0.15,0.15,0.105,0.105,1
F3_KP150_W105_FP,1600.0,3.05416853339332,0.15,0.15,0.105,0.105,1
F3_KP150_W105_FP,1650.0,3.167182148789567,0.15,0.15,0.105,0.105,1
F3_KP150_W105_FP,1700.0,3.2798122224938435,0.15,0.15,0.105,0.105,1
F3_KP150_W105_FP,1750.0,3.3917942956029887,0.15,0.15,0.105,0.105,1
F3_KP150_W105_FP,1800.0,3.5030441164090815,0.15,0.15,0.105,0.105,1
F3_KP150_W105_FP,1850.0,3.6134938115133384,0.15,0.15,0.105,0.105,1
F3_KP150_W105_FP,1900.0,3.7229743079445976,0.15,0.15,0.105,0.105,1
F3_KP150_W105_FP,1950.0,3.831452192089027,0.15,0.15,0.105,0.105,1
F3_KP150_W105_FP,2000.0,3.938900612253252,0.15,0.15,0.105,0.105,1
F3_KP130_W210_FP,0.0,0.0,0.13,0.13,0.21,0.21,1
F3_KP130_W210_FP,50.0,0.11256769976956665,0.13,0.13,0.21,0.21,1
F3_KP130_W210_FP,100.0,0.23601043280864556,0.13,0.13,0.21,0.21,1
F3_KP130_W210_FP,150.0,0.3592065512271585,0.13,0.13,0.21,0.21,1
F3_KP130_W210_FP,200.0,0.48220310363934044,0.13,0.13,0.21,0.21,1
F3_KP130_W210_FP,250.0,0.6050453452180037,0.13,0.13,0.21,0.21,1
F3_KP130_W210_FP,300.0,0.7277585545813785,0.13,0.13,0.21,0.21,1
F3_KP130_W210_FP,350.0,0.8503856924101882,0.13,0.13,0.21,0.21,1
F3_KP130_W210_FP,400.0,0.972946702216559,0.13,0.13,0.21,0.21,1
F3_KP130_W210_FP,450.0,1.0954862813383135,0.13,0.13,0.21,0.21,1
F3_KP130_W210_FP,500.0,1.2180195437051442,0.13,0.13,0.21,0.21,1
F3_KP130_W210_FP,550.0,1.340558075988478,0.13,0.13,0.21,0.21,1
F3_KP130_W210_FP,600.0,1.463059225927527,0.13,0.13,0.21,0.21,1
F3_KP130_W210_FP,650.0,1.5855163259805123,0.13,0.13,0.21,0.21,1
F3_KP130_W210_FP,700.0,1.7078960409464632,0.13,0.13,0.21,0.21,1
F3_KP130_W210_FP,750.0,1.830185632778741,0.13,0.13,0.21,0.21,1
F3_KP130_W210_FP,800.0,1.9523339603655345,0.13,0.13,0.21,0.21,1
F3_KP130_W210_FP,850.0,2.074319376128556,0.13,0.13,0.21,0.21,1
F3_KP130_W210_FP,900.0,2.1961009333377466,0.13,0.13,0.21,0.21,1
F3_KP130_W210_FP,950.0,2.3176594859270305,0.13,0.13,0.21,0.21,1
F3_KP130_W210_FP,1000.0,2.4389216260684883,0.13,0.13,0.21,0.21,1
F3_KP130_W210_FP,1050.0,2.559845597929739,0.13,0.13,0.21,0.21,1
F3_KP130_W210_FP,1100.0,2.680408772894154,0.13,0.13,0.21,0.21,1
F3_KP130_W210_FP,1150.0,2.80053853441246,0.13,0.13,0.21,0.21,1
F3_KP130_W210_FP,1200.0,2.9201350352525965,0.13,0.13,0.21,0.21,1
F3_KP130_W210_FP,1250.0,3.0392041330619364,0.13,0.13,0.21,0.21,1
F3_KP130_W210_FP,1300.0,3.1577311461872957,0.13,0.13,0.21,0.21,1
F3_KP130_W210_FP,1350.0,3.2756743701961057,0.13,0.13,0.21,0.21,1
F3_KP130_W210_FP,1400.0,3.3929403517677987,0.13,0.13,0.21,0.21,1
F3_KP130_W210_FP,1450.0,3.5095463016677275,0.13,0.13,0.21,0.21,1
F3_KP130_W210_FP,1500.0,3.625468427961516,0.13,0.13,0.21,0.21,1
F3_KP130_W210_FP,1550.0,3.7406855671406722,0.13,0.13,0.21,0.21,1
F3_KP130_W210_FP,1600.0,3.8551895720855676,0.13,0.13,0.21,0.21,1
F3_KP130_W210_FP,1650.0,3.9689832942818555,0.13,0.13,0.21,0.21,1
F3_KP130_W210_FP,1700.0,4.082103446282783,0.13,0.13,0.21,0.21,1
F3_KP130_W210_FP,1750.0,4.194546509228437,0.13,0.13,0.21,0.21,1
F3_KP130_W210_FP,1800.0,4.306395393674646,0.13,0.13,0.21,0.21,1
F3_KP130_W210_FP,1850.0,4.417657075508671,0.13,0.13,0.21,0.21,1
F3_KP130_W210_FP,1900.0,4.528402510607122,0.13,0.13,0.21,0.21,1
F3_KP130_W210_FP,1950.0,4.638750677707089,0.13,0.13,0.21,0.21,1
F3_KP130_W210_FP,2000.0,4.7487213012673335,0.13,0.13,0.21,0.21,1
