case,time_s,area_code2,cut_cells,f_mass_code,g_mass_code,actin_mass_code,solute_inside_code,solute_outside_code,solute_mass_code,actin_tagged_code,solute_tagged_code,actin_change_percent,solute_change_percent
W_K09_R2,0.0,0.7853407456258862,252,0.0,1.5706814912517724,1.5706814912517724,0.7853407456258862,3.214659254374126,4.000000000000012,1.576171875,4.0,0.0,0.0
W_K09_R2,50.0,0.7854059527445891,254,0.0,1.5706796654399577,1.5706796654399577,0.7854330387617141,3.2145635142374687,3.9999965529991828,1.5740793478892736,3.999997789234034,-0.00011624328832837705,-8.617502074148575e-05
W_K09_R2,100.0,0.785666520827313,254,0.0,1.5706724488440096,1.5706724488440096,0.7857344680823468,3.2142789533618226,4.000013421444169,1.5745509804635553,4.000006051705298,-0.000575699644589367,0.0003355361039236726
W_K09_R2,150.0,0.7861254568231797,258,0.0,1.5706678750660918,1.5706678750660918,0.7862336136773074,3.213799448383077,4.000033062060385,1.5736205005130144,4.000028808118229,-0.0008668966786973265,0.0008265515093031084
W_K09_R2,200.0,0.7867848357741654,258,0.0,1.5706672317013763,1.5706672317013763,0.7869292315601454,3.2130893207841638,4.000018552344309,1.577155094760447,4.0000219588384915,-0.0009078575430754299,0.00046380860740935503
W_K09_R2,250.0,0.7876557833263857,258,0.0,1.5706710870208613,1.5706710870208613,0.787831738196554,3.2121461046354383,3.999977842831992,1.5754300118157187,3.999976327073602,-0.0006624023373924537,-0.0005539292005085628
W_K09_R2,300.0,0.7887515382307257,260,0.0,1.5706722038108938,1.5706722038108938,0.7889650309491844,3.210982050116023,3.999947081065207,1.5732359914694525,3.999947606067679,-0.0005913000777235666,-0.0013229733701325408
W_K09_R2,350.0,0.7900787095565327,260,0.0,1.5706711635537751,1.5706711635537751,0.7903348650979075,3.2096095277463195,3.999944392844227,1.570619016037818,3.9999342644806024,-0.0006575297445632344,-0.0013901788946335536
W_K09_R2,400.0,0.7916367813227518,260,0.0,1.5706701847978985,1.5706701847978985,0.7919361386994007,3.2080101759517228,3.9999463146511234,1.5732817373929935,3.9999566580365418,-0.0007198438344624414,-0.0013421337222263574
W_K09_R2,450.0,0.7934232175410718,260,0.0,1.5706747849907283,1.5706747849907283,0.793758017004961,3.2061501060918784,3.9999081230968394,1.5726542333696782,3.999915461468035,-0.0004269650518806678,-0.0022969225793256776
W_K09_R2,500.0,0.7954577846242163,262,0.0,1.5706782536316994,1.5706782536316994,0.7958310605116266,3.204025669730832,3.9998567302424584,1.57346258209342,3.999861645694184,-0.00020612836472144735,-0.0035817439388519112
W_K09_R2,550.0,0.7977518170971591,262,0.0,1.5706790305410174,1.5706790305410174,0.7981700369089051,3.201675139673086,3.999845176581991,1.5708801593643875,3.9998433997836553,-0.0001566651653184259,-0.003870585450538311
W_K09_R2,600.0,0.800298036830864,262,0.0,1.5706845455151919,1.5706845455151919,0.8007623094062257,3.199070806976334,3.99983311638256,1.5716371880788758,3.9998309450952356,0.00019445466419298896,-0.004172090436316278
W_K09_R2,650.0,0.8031112438825183,262,0.0,1.570683931875521,1.570683931875521,0.8036216144689384,3.196190563300565,3.9998121777695035,1.5709027276128795,3.9998134219869748,0.0001553862932990313,-0.004695555762723735
W_K09_R2,700.0,0.8061856159473111,264,0.0,1.5706878499672563,1.5706878499672563,0.8067376363208897,3.1930357682131136,3.9997734045340034,1.571562220137719,3.9997789020627668,0.0004048379967036553,-0.005664886650225132
W_K09_R2,750.0,0.8095331631038994,264,0.0,1.5706911360373499,1.5706911360373499,0.8101265997810093,3.1896059606924303,3.9997325604734395,1.5669924445379486,3.999725719311823,0.0006140510110608233,-0.006685988164323309
W_K09_R2,800.0,0.8131500437105755,264,0.0,1.5706999858946975,1.5706999858946975,0.8137857153145861,3.185897233923196,3.999682949237782,1.5675515809783882,3.9996845781438153,0.0011774916192752727,-0.007926269055757995
W_K09_R2,850.0,0.8170538319136891,264,0.0,1.5707006312563467,1.5707006312563467,0.8177322103547982,3.181893714148201,3.9996259245029995,1.5666279938628795,3.9996298651402533,0.0012185796217201172,-0.009351887425324001
W_K09_R2,900.0,0.8212482099490506,266,0.0,1.5707176567854217,1.5707176567854217,0.821967644618039,3.177588099384688,3.999555744002727,1.5689133434919456,3.99955876291979,0.0023025377105856393,-0.011106399932137023
W_K09_R2,950.0,0.8257433813764009,266,0.0,1.5707343300470604,1.5707343300470604,0.8265087847679964,3.1729992193334082,3.9995080041014046,1.5696855460478583,3.999507436963873,0.0033640681183610965,-0.012299897465195553
W_K09_R2,1000.0,0.8305317702094327,266,0.0,1.570749196065051,1.570749196065051,0.8313429456236371,3.168112564204418,3.999455509828055,1.5726530674026802,3.9994584461099456,0.0043105374104124294,-0.013612254298933646
W_K09_R2,1050.0,0.8356244962245292,266,0.0,1.5707724181230374,1.5707724181230374,0.8364798336454042,3.1629133920612835,3.9993932257066875,1.572249264623175,3.9994033313664636,0.005789007623224762,-0.015169357333122413
W_K09_R2,1100.0,0.8410243939851754,268,0.0,1.5708035063626284,1.5708035063626284,0.8419217733729201,3.157395654287143,3.999317427660063,1.5694856452626251,3.9993249504200827,0.007768291123033677,-0.017064308498737635
W_K09_R2,1150.0,0.846736202225349,268,0.0,1.5708372348922517,1.5708372348922517,0.8476788402461816,3.1515638291205863,3.999242669366768,1.5689376373081378,3.999235668682862,0.009915672995886027,-0.018933265831111434
W_K09_R2,1200.0,0.852772675942165,272,0.0,1.5708680841342963,1.5708680841342963,0.8537650939420275,3.145423161505619,3.999188255447647,1.5722199957895102,3.999197720180912,0.011879740326947719,-0.02029361380914141
W_K09_R2,1250.0,0.8591370599507477,274,0.0,1.5708979243578873,1.5708979243578873,0.8601746779534739,3.138936597424079,3.999111275377553,1.573117565141657,3.9991126631457723,0.01377956685173487,-0.022218115561489782
W_K09_R2,1300.0,0.8658312149783929,274,0.0,1.5709314054097356,1.5709314054097356,0.8669181433234239,3.1321244186207986,3.9990425619442225,1.5689502708107854,3.9990438347754234,0.015911192648232486,-0.023935951394749022
W_K09_R2,1350.0,0.8728596169537829,274,0.0,1.5709599277033983,1.5709599277033983,0.8739965695197295,3.1249892473221395,3.998985816841869,1.5686370629522528,3.9989910855989077,0.01772711101371005,-0.025354578953584728
W_K09_R2,1400.0,0.880226048583576,274,0.0,1.5709943818985221,1.5709943818985221,0.881412849822745,3.117503478185631,3.998916328008376,1.5642809889611926,3.998910000557694,0.019920693564712266,-0.027091799790912585
W_K09_R2,1450.0,0.8879338353032273,276,0.0,1.5710390009944404,1.5710390009944404,0.8891719793304466,3.1096801408241452,3.998852120154592,1.5697492886697824,3.998850026860352,0.02276144111070799,-0.028696996135513242
W_K09_R2,1500.0,0.8959882326970239,276,0.0,1.5710724377828351,1.5710724377828351,0.8972816648588616,3.1015269390192604,3.998808603878122,1.573633433683459,3.998816463904365,0.0248902488022118,-0.02978490304725856
W_K09_R2,1550.0,0.9043879866833604,276,0.0,1.5711100430227776,1.5711100430227776,0.9057365776212678,3.093022225117464,3.998758802738732,1.5735298181551758,3.9987521466009452,0.027284447763098463,-0.031029931532011723
W_K09_R2,1600.0,0.9131431796086673,278,0.0,1.571142864718351,1.571142864718351,0.9145468241182149,3.084145360370966,3.9986921844891805,1.5710854723820198,3.9986799662072965,0.029374094566492204,-0.03269538777079806
W_K09_R2,1650.0,0.9222652228816637,282,0.0,1.5711719936714874,1.5711719936714874,0.9237276933303541,3.0749232618644173,3.9986509551947713,1.5746349600453202,3.9986649861072383,0.031228636897240314,-0.03372612013102794
W_K09_R2,1700.0,0.9317465620145706,284,0.0,1.571213883210493,1.571213883210493,0.9332604509564609,3.0653033036103623,3.998563754566823,1.5710520470092648,3.9985583482721134,0.03389560274860148,-0.03590613582973301
W_K09_R2,1750.0,0.9416081498259191,286,0.0,1.5712427244247509,1.5712427244247509,0.9431792654705311,3.055323143809403,3.998502409279934,1.5668271264277354,3.9984965431138653,0.035731825714147014,-0.0374397680019567
W_K09_R2,1800.0,0.951836614743778,286,0.0,1.5712748631592481,1.5712748631592481,0.953467437569729,3.044994372779535,3.998461810349264,1.5693394206563314,3.998471433515983,0.03777799068624965,-0.038454741268711956
W_K09_R2,1850.0,0.9624302973311643,288,0.0,1.5713146280913164,1.5713146280913164,0.9641143576544646,3.0342740462279094,3.998388403882374,1.5728831378556891,3.9983883130604774,0.04030968997026374,-0.0402899029409598
W_K09_R2,1900.0,0.9734000093747552,288,0.0,1.5713561225732429,1.5713561225732429,0.9751386013032197,3.023176639850123,3.9983152411533425,1.57012903280422,3.998321645265518,0.04295150386810498,-0.04211897116674912
W_K09_R2,1950.0,0.9847540543942872,288,0.0,1.5714070533478797,1.5714070533478797,0.9865466001947792,3.0116856395006213,3.9982322396954006,1.5715921179979913,3.998233126941285,0.04619409473840541,-0.044194007615294684
W_K09_R2,2000.0,0.9965048659823041,294,0.0,1.5714639981791623,1.5714639981791623,0.9983513930138036,2.9997924142870542,3.998143807300858,1.5692840525454295,3.9981359887107097,0.04981958033809519,-0.04640481747886227
